Lake,Site ID,EPA Sample ID,Species,PCBs,Other Halo Organics (monitored),HaloMeOPs,Other Halo Organics UM,PCBs Targeted,Analyte_Original,Analyte_Averagred_ID,Concentration,Mass,Formula,Analyte_ID,Feeding,
Lake_Erie,GLNS15-2150,775094,Freshwater drum,404,178,15462,78,427.98,IL-1.203-0.833-X,IL-1.200-0.978-X,75.74,280.0505,C14H13ClO4,X-1.20-280.050,P,
Lake_Erie,GLNS15-1165,775114,Freshwater drum,536,88,12645,131,576.77,IL-0.704-0.841-X,IL-0.704-0.955-X,29.59,172.0287,C8H9ClO2,X-0.70-172.029,P,
Lake_Erie,GLNS15-1165,775114,Freshwater drum,536,88,12645,131,576.77,IL-1.220-0.856-X,IL-1.217-0.995-X,41.51,280.0492,C14H13ClO4,X-1.22-280.050,P,
Lake_Erie,GLNS15-1165,775114,Freshwater drum,536,88,12645,131,576.77,IL-1.203-0.841-X,IL-1.200-0.978-X,53.54,280.0496,C14H13ClO4,X-1.20-280.050,P,
Lake_Erie,GLNS15-1159,775174,Yellow perch,0,0,5406,2,19.43,IL-0.704-0.822-X,IL-0.704-0.955-X,1.5,172.0307,C8H9ClO2,X-0.70-172.029,P,
Lake_Erie,GLNS15-1157,775214,White bass,242,87,5497,14,184.65,IL-0.645-1.037-X,IL-0.643-1.072-X,2,172.0272,C8H9ClO2,X-0.65-172.029,P,
Lake_Erie,GLNS15-1157,775214,White bass,242,87,5497,14,184.65,IL-1.204-0.989-X,IL-1.200-0.978-X,2,280.0503,C14H13ClO4,X-1.20-280.050,P,
Lake_Erie,GLNS15-1157,775214,White bass,242,87,5497,14,184.65,IL-0.696-1.256-X,IL-0.699-1.290-X,2,341.787,C7H5Br3O,X-0.70-341.788,P,
Lake_Erie,GLNS15-2140,775234,Yellow perch,85,33,12197,4,14.86,IL-0.646-0.889-X,IL-0.643-1.072-X,1.23,172.029,C8H9ClO2,X-0.65-172.029,P,
Lake_Erie,GLNS15-2140,775234,Yellow perch,85,33,12197,4,14.86,IL-0.704-0.837-X,IL-0.704-0.955-X,4.25,172.0292,C8H9ClO2,X-0.70-172.029,P,
Lake_Erie,GLNS15-2140,775234,Yellow perch,85,33,12197,4,14.86,IL-1.203-0.851-X,IL-1.200-0.978-X,13.59,280.0512,C14H13ClO4,X-1.20-280.050,P,
Lake_Ontario,GLNS15-2193,775454,Brown trout,1739,802,4511,262,870.59,IL-0.702-0.973-X,IL-0.704-0.955-X,2.33,172.0288,C8H9ClO2,X-0.70-172.029,P,
Lake_Ontario,GLNS15-2193,775454,Brown trout,1739,802,4511,262,870.59,IL-0.634-1.284-X,IL-0.632-1.265-X,9.61,185.0365,C9H10ClO2,X-0.63-185.037,P,
Lake_Ontario,GLNS15-2193,775454,Brown trout,1739,802,4511,262,870.59,IL-0.542-1.241-X,IL-0.543-1.239-X,1.71,186.0443,C9H11ClO2,X-0.54-186.044,P,
Lake_Ontario,GLNS15-2193,775454,Brown trout,1739,802,4511,262,870.59,IL-0.623-1.052-X,IL-0.624-1.057-X,1.71,188.0598,C9H13ClO2,X-0.62-188.060,P,
Lake_Ontario,GLNS15-2193,775454,Brown trout,1739,802,4511,262,870.59,IL-0.864-1.025-X,IL-0.862-1.026-X,0.65,190.0296,C10H7ClN2,X-0.86-190.030,P,
Lake_Ontario,GLNS15-2193,775454,Brown trout,1739,802,4511,262,870.59,IL-0.464-1.523-X,IL-0.460-1.525-X,1.32,214.1122,C12H19ClO,X-0.46-214.112,P,
Lake_Ontario,GLNS15-2193,775454,Brown trout,1739,802,4511,262,870.59,IL-0.706-1.099-X,IL-0.709-1.096-X,3.06,216.0913,C11H17ClO2,X-0.71-216.091,P,
Lake_Ontario,GLNS15-2193,775454,Brown trout,1739,802,4511,262,870.59,IL-1.496-1.036-X,IL-1.498-1.047-X,3.72,234.9953,C12H7Cl2N,X-1.50-234.995,P,
Lake_Ontario,GLNS15-2193,775454,Brown trout,1739,802,4511,262,870.59,IL-1.136-1.119-X,IL-1.139-1.108-X,4.45,235.0081,C13H9Cl2,X-1.14-235.008,P,DDD
Lake_Ontario,GLNS15-2193,775454,Brown trout,1739,802,4511,262,870.59,IL-0.808-1.038-X,IL-0.809-1.041-X,2.38,235.923,C7H6BrClO2,X-0.81-235.923,P,
Lake_Ontario,GLNS15-2193,775454,Brown trout,1739,802,4511,262,870.59,IL-0.800-1.254-X,IL-0.801-1.251-X,1.9,273.9116,C8H6Cl4O2,X-0.80-273.912,P,
Lake_Ontario,GLNS15-2193,775454,Brown trout,1739,802,4511,262,870.59,IL-1.198-0.999-X,IL-1.200-0.978-X,71.56,280.0479,C14H13ClO4,X-1.20-280.050,P,
Lake_Ontario,GLNS15-2193,775454,Brown trout,1739,802,4511,262,870.59,IL-1.215-1.019-X,IL-1.217-0.995-X,31.4,280.0501,C14H13ClO4,X-1.22-280.050,P,
Lake_Ontario,GLNS15-2193,775454,Brown trout,1739,802,4511,262,870.59,IL-0.721-1.295-X,IL-0.718-1.295-X,1.41,337.7936,C8H5Br3,X-0.72-337.794,P,
Lake_Ontario,GLNS15-2193,775454,Brown trout,1739,802,4511,262,870.59,IL-0.700-1.287-X,IL-0.699-1.290-X,2.27,341.788,C7H5Br3O,X-0.70-341.788,P,
Lake_Ontario,GLNS15-2193,775454,Brown trout,1739,802,4511,262,870.59,IL-1.226-1.514-X,IL-1.226-1.476-X,3.35,358.7463,Unknown G-C7H3Br3Cl,X-1.23-358.746,P,
Lake_Ontario,GLNS15-2193,775454,Brown trout,1739,802,4511,262,870.59,IL-0.898-1.481-X,IL-0.899-1.450-X,2.59,384.806,C10H4Cl7O,X-0.90-384.806,P,
Lake_Ontario,GLNS15-1294,775494,Chinook salmon,323,97,2067,148,362.73,IL-0.641-1.304-X,IL-0.641-1.293-X,18.3,131.0251,C6H8ClO,X-0.64-131.026,P,
Lake_Ontario,GLNS15-1294,775494,Chinook salmon,323,97,2067,148,362.73,IL-0.704-0.980-X,IL-0.704-0.955-X,2.35,172.0286,C8H9ClO2,X-0.70-172.029,P,
Lake_Ontario,GLNS15-1294,775494,Chinook salmon,323,97,2067,148,362.73,IL-0.632-1.276-X,IL-0.632-1.265-X,12.61,185.0354,C9H10ClO2,X-0.63-185.037,P,
Lake_Ontario,GLNS15-1294,775494,Chinook salmon,323,97,2067,148,362.73,IL-0.541-1.242-X,IL-0.543-1.239-X,6.73,186.0446,C9H11ClO2,X-0.54-186.044,P,
Lake_Ontario,GLNS15-1294,775494,Chinook salmon,323,97,2067,148,362.73,IL-0.624-1.059-X,IL-0.624-1.057-X,18.66,188.0598,C9H13ClO2,X-0.62-188.060,P,
Lake_Ontario,GLNS15-1294,775494,Chinook salmon,323,97,2067,148,362.73,IL-0.860-1.028-X,IL-0.862-1.026-X,2.66,190.0296,C10H7ClN2,X-0.86-190.030,P,
Lake_Ontario,GLNS15-1294,775494,Chinook salmon,323,97,2067,148,362.73,IL-0.459-1.533-X,IL-0.460-1.525-X,21.53,214.1122,C12H19ClO,X-0.46-214.112,P,
Lake_Ontario,GLNS15-1294,775494,Chinook salmon,323,97,2067,148,362.73,IL-0.805-1.044-X,IL-0.809-1.041-X,0.25,235.923,C7H6BrClO2,X-0.81-235.923,P,
Lake_Ontario,GLNS15-1294,775494,Chinook salmon,323,97,2067,148,362.73,IL-0.799-1.257-X,IL-0.801-1.251-X,0.37,273.9137,C8H6Cl4O2,X-0.80-273.912,P,
Lake_Ontario,GLNS15-1294,775494,Chinook salmon,323,97,2067,148,362.73,IL-1.214-1.019-X,IL-1.217-0.995-X,2.79,280.0498,C14H13ClO4,X-1.22-280.050,P,
Lake_Ontario,GLNS15-1294,775494,Chinook salmon,323,97,2067,148,362.73,IL-1.199-0.998-X,IL-1.200-0.978-X,43.22,280.0499,C14H13ClO4,X-1.20-280.050,P,
Lake_Ontario,GLNS15-1294,775494,Chinook salmon,323,97,2067,148,362.73,IL-0.696-1.302-X,IL-0.699-1.290-X,0.87,341.7876,C7H5Br3O,X-0.70-341.788,P,
Lake_Ontario,GLNS15-2187,775574,Lake trout,2651,830,4217,421,1113.46,IL-0.633-1.260-X,IL-0.632-1.265-X,28.2,185.0365,C9H10ClO2,X-0.63-185.037,P,
Lake_Ontario,GLNS15-2187,775574,Lake trout,2651,830,4217,421,1113.46,IL-0.540-1.199-X,IL-0.543-1.239-X,0.1,186.0443,C9H11ClO2,X-0.54-186.044,P,
Lake_Ontario,GLNS15-2187,775574,Lake trout,2651,830,4217,421,1113.46,IL-0.549-1.323-X,IL-0.549-1.323-X,1.1,198.0808,C11H15ClO,X-0.55-198.081,P,
Lake_Ontario,GLNS15-2187,775574,Lake trout,2651,830,4217,421,1113.46,IL-0.508-1.328-X,IL-0.509-1.355-X,0.6,209.941,C7H5Cl3O,X-0.51-209.941,P,
Lake_Ontario,GLNS15-2187,775574,Lake trout,2651,830,4217,421,1113.46,IL-0.460-1.509-X,IL-0.460-1.525-X,4.4,214.1122,C12H19ClO,X-0.46-214.112,P,
Lake_Ontario,GLNS15-2187,775574,Lake trout,2651,830,4217,421,1113.46,IL-0.807-1.020-X,IL-0.809-1.041-X,0.2,235.923,C7H6BrClO2,X-0.81-235.923,P,
Lake_Ontario,GLNS15-2187,775574,Lake trout,2651,830,4217,421,1113.46,IL-0.801-1.255-X,IL-0.801-1.251-X,4.9,273.9121,C8H6Cl4O2,X-0.80-273.912,P,
Lake_Ontario,GLNS15-2187,775574,Lake trout,2651,830,4217,421,1113.46,IL-1.214-1.017-X,IL-1.217-0.995-X,47.1,280.0498,C14H13ClO4,X-1.22-280.050,P,
Lake_Ontario,GLNS15-2187,775574,Lake trout,2651,830,4217,421,1113.46,IL-1.197-1.002-X,IL-1.200-0.978-X,96.82,280.0501,C14H13ClO4,X-1.20-280.050,P,
Lake_Ontario,GLNS15-2187,775574,Lake trout,2651,830,4217,421,1113.46,IL-1.059-1.156-X,IL-1.057-1.159-X,2.2,336.8679,C10H7Cl6,X-1.06-336.867,P,
Lake_Ontario,GLNS15-2187,775574,Lake trout,2651,830,4217,421,1113.46,IL-1.227-1.445-X,IL-1.226-1.476-X,1.9,358.7459,Unknown G-C7H3Br3Cl,X-1.23-358.746,P,
Lake_Ontario,GLNS15-2191,775594,Brown trout,305,303,5305,95,291.86,IL-0.702-0.972-X,IL-0.704-0.955-X,1.64,172.0286,C8H9ClO2,X-0.70-172.029,P,
Lake_Ontario,GLNS15-2191,775594,Brown trout,305,303,5305,95,291.86,IL-0.634-1.277-X,IL-0.632-1.265-X,8.03,185.0365,C9H10ClO2,X-0.63-185.037,P,
Lake_Ontario,GLNS15-2191,775594,Brown trout,305,303,5305,95,291.86,IL-0.542-1.246-X,IL-0.543-1.239-X,1.13,186.0443,C9H11ClO2,X-0.54-186.044,P,
Lake_Ontario,GLNS15-2191,775594,Brown trout,305,303,5305,95,291.86,IL-0.623-1.058-X,IL-0.624-1.057-X,1.47,188.0598,C9H13ClO2,X-0.62-188.060,P,
Lake_Ontario,GLNS15-2191,775594,Brown trout,305,303,5305,95,291.86,IL-0.864-1.027-X,IL-0.862-1.026-X,2.86,190.0296,C10H7ClN2,X-0.86-190.030,P,
Lake_Ontario,GLNS15-2191,775594,Brown trout,305,303,5305,95,291.86,IL-0.945-1.064-X,IL-0.944-1.059-X,2.08,223.9907,C10H6Cl2N2,X-0.94-223.991,P,
Lake_Ontario,GLNS15-2191,775594,Brown trout,305,303,5305,95,291.86,IL-1.498-1.037-X,IL-1.498-1.047-X,0.18,234.9953,C12H7Cl2N,X-1.50-234.995,P,
Lake_Ontario,GLNS15-2191,775594,Brown trout,305,303,5305,95,291.86,IL-0.800-1.257-X,IL-0.801-1.251-X,0.64,273.9119,C8H6Cl4O2,X-0.80-273.912,P,
Lake_Ontario,GLNS15-2191,775594,Brown trout,305,303,5305,95,291.86,IL-1.200-1.000-X,IL-1.200-0.978-X,36.67,280.0488,C14H13ClO4,X-1.20-280.050,P,
Lake_Ontario,GLNS15-2191,775594,Brown trout,305,303,5305,95,291.86,IL-1.217-1.017-X,IL-1.217-0.995-X,9.6,280.0499,C14H13ClO4,X-1.22-280.050,P,
Lake_Ontario,GLNS15-2191,775594,Brown trout,305,303,5305,95,291.86,IL-0.700-1.307-X,IL-0.699-1.290-X,1.01,341.7876,C7H5Br3O,X-0.70-341.788,P,
Lake_Ontario,GLNS15-2189,775674,Rainbow trout,213,211,2991,54,192.67,IL-0.702-0.969-X,IL-0.704-0.955-X,0.7,172.0288,C8H9ClO2,X-0.70-172.029,P,
Lake_Ontario,GLNS15-2189,775674,Rainbow trout,213,211,2991,54,192.67,IL-0.542-1.251-X,IL-0.543-1.239-X,0.49,186.0449,C9H11ClO2,X-0.54-186.044,P,
Lake_Ontario,GLNS15-2189,775674,Rainbow trout,213,211,2991,54,192.67,IL-0.864-1.019-X,IL-0.862-1.026-X,0.14,190.0296,C10H7ClN2,X-0.86-190.030,P,
Lake_Ontario,GLNS15-2189,775674,Rainbow trout,213,211,2991,54,192.67,IL-0.708-1.091-X,IL-0.709-1.096-X,1.46,216.0912,C11H17ClO2,X-0.71-216.091,P,
Lake_Ontario,GLNS15-2189,775674,Rainbow trout,213,211,2991,54,192.67,IL-0.945-1.063-X,IL-0.944-1.059-X,0.09,223.9907,C10H6Cl2N2,X-0.94-223.991,P,
Lake_Ontario,GLNS15-2189,775674,Rainbow trout,213,211,2991,54,192.67,IL-1.198-1.000-X,IL-1.200-0.978-X,41.79,280.0479,C14H13ClO4,X-1.20-280.050,P,
Lake_Ontario,GLNS15-2189,775674,Rainbow trout,213,211,2991,54,192.67,IL-1.217-1.018-X,IL-1.217-0.995-X,6.12,280.0499,C14H13ClO4,X-1.22-280.050,P,
Lake_Ontario,GLNS15-1291,775714,Lake trout,1216,454,2538,80,951.6,IL-0.633-1.251-X,IL-0.632-1.265-X,10.83,185.0365,C9H10ClO2,X-0.63-185.037,P,
Lake_Ontario,GLNS15-1291,775714,Lake trout,1216,454,2538,80,951.6,IL-0.542-1.218-X,IL-0.543-1.239-X,3.47,186.044,C9H11ClO2,X-0.54-186.044,P,
Lake_Ontario,GLNS15-1291,775714,Lake trout,1216,454,2538,80,951.6,IL-0.625-1.038-X,IL-0.624-1.057-X,2.61,188.0601,C9H13ClO2,X-0.62-188.060,P,
Lake_Ontario,GLNS15-1291,775714,Lake trout,1216,454,2538,80,951.6,IL-0.862-1.019-X,IL-0.862-1.026-X,0.45,190.0294,C10H7ClN2,X-0.86-190.030,P,
Lake_Ontario,GLNS15-1291,775714,Lake trout,1216,454,2538,80,951.6,IL-0.708-1.086-X,IL-0.709-1.096-X,0.5,216.0913,C11H17ClO2,X-0.71-216.091,P,
Lake_Ontario,GLNS15-1291,775714,Lake trout,1216,454,2538,80,951.6,IL-1.502-1.064-X,IL-1.498-1.047-X,0.42,234.9957,C12H7Cl2N,X-1.50-234.995,P,
Lake_Ontario,GLNS15-1291,775714,Lake trout,1216,454,2538,80,951.6,IL-0.807-1.017-X,IL-0.809-1.041-X,0.58,235.923,C7H6BrClO2,X-0.81-235.923,P,
Lake_Ontario,GLNS15-1291,775714,Lake trout,1216,454,2538,80,951.6,IL-0.801-1.228-X,IL-0.801-1.251-X,0.78,273.9121,C8H6Cl4O2,X-0.80-273.912,P,
Lake_Ontario,GLNS15-1291,775714,Lake trout,1216,454,2538,80,951.6,IL-1.199-0.988-X,IL-1.200-0.978-X,25.49,280.049,C14H13ClO4,X-1.20-280.050,P,
Lake_Ontario,GLNS15-1291,775714,Lake trout,1216,454,2538,80,951.6,IL-1.059-1.142-X,IL-1.057-1.159-X,8.46,336.8678,C10H7Cl6,X-1.06-336.867,P,
Lake_Ontario,GLNS15-1291,775714,Lake trout,1216,454,2538,80,951.6,IL-0.718-1.287-X,IL-0.718-1.295-X,0.77,337.7929,C8H5Br3,X-0.72-337.794,P,
Lake_Ontario,GLNS15-1291,775714,Lake trout,1216,454,2538,80,951.6,IL-1.227-1.455-X,IL-1.226-1.476-X,0.47,358.7476,Unknown G-C7H3Br3Cl,X-1.23-358.746,P,
Lake_Ontario,GLNS15-1291,775714,Lake trout,1216,454,2538,80,951.6,IL-0.898-1.428-X,IL-0.899-1.450-X,0.67,384.806,C10H4Cl7O,X-0.90-384.806,P,
Lake_Michigan,GLNS15-2048,775814,White sucker,84,8,3227,6,64.3,IL-0.703-0.975-X,IL-0.704-0.955-X,3.02,172.0286,C8H9ClO2,X-0.70-172.029,BD,
Lake_Michigan,GLNS15-2048,775814,White sucker,84,8,3227,6,64.3,IL-0.647-1.042-X,IL-0.643-1.072-X,0.32,172.0288,C8H9ClO2,X-0.65-172.029,BD,
Lake_Michigan,GLNS15-2048,775814,White sucker,84,8,3227,6,64.3,IL-0.549-1.251-X,IL-0.651-1.086-X,0.09,186.0441,C9H11ClO2,X-0.54-186.044,BD,
Lake_Michigan,GLNS15-2048,775814,White sucker,84,8,3227,6,64.3,IL-0.716-1.091-X,IL-0.709-1.096-X,0.42,216.0913,C11H17ClO2,X-0.71-216.091,BD,
Lake_Michigan,GLNS15-2048,775814,White sucker,84,8,3227,6,64.3,IL-1.203-0.987-X,IL-1.200-0.978-X,1.32,280.0503,C14H13ClO4,X-1.20-280.050,BD,
Lake_Michigan,GLNS15-2048,775814,White sucker,84,8,3227,6,64.3,IL-1.220-1.008-X,IL-1.217-0.995-X,0.32,280.0505,C14H13ClO4,X-1.22-280.050,BD,
Lake_Michigan,GLNS15-2058,775834,White sucker,2,2,2968,14,8.4,IL-0.646-1.027-X,IL-0.643-1.072-X,2.7,172.0287,C8H9ClO2,X-0.65-172.029,BD,
Lake_Michigan,GLNS15-2058,775834,White sucker,2,2,2968,14,8.4,IL-0.703-0.990-X,IL-0.704-0.955-X,2,172.0287,C8H9ClO2,X-0.70-172.029,BD,
Lake_Michigan,GLNS15-2058,775834,White sucker,2,2,2968,14,8.4,IL-0.542-1.208-X,IL-0.543-1.239-X,0.7,186.0446,C9H11ClO2,X-0.54-186.044,BD,
Lake_Michigan,GLNS15-2058,775834,White sucker,2,2,2968,14,8.4,IL-0.625-1.039-X,IL-0.624-1.057-X,1.1,188.0595,C9H13ClO2,X-0.62-188.060,BD,
Lake_Michigan,GLNS15-2058,775834,White sucker,2,2,2968,14,8.4,IL-1.500-1.055-X,IL-1.498-1.047-X,0.2,234.9953,C12H7Cl2N,X-1.50-234.995,BD,
Lake_Michigan,GLNS15-2058,775834,White sucker,2,2,2968,14,8.4,IL-1.197-1.002-X,IL-1.200-0.978-X,3.7,280.0502,C14H13ClO4,X-1.20-280.050,BD,
Lake_Michigan,GLNS15-2058,775834,White sucker,2,2,2968,14,8.4,IL-0.697-1.280-X,IL-0.699-1.290-X,0.2,341.7876,C7H5Br3O,X-0.70-341.788,BD,
Lake_Michigan,GLNS15-2059,775854,White sucker,253,17,1799,33,166.54,IL-0.703-0.973-X,IL-0.704-0.955-X,1.33,172.0286,C8H9ClO2,X-0.70-172.029,BD,
Lake_Michigan,GLNS15-2059,775854,White sucker,253,17,1799,33,166.54,IL-0.646-1.029-X,IL-0.643-1.072-X,0.81,172.0288,C8H9ClO2,X-0.65-172.029,BD,
Lake_Michigan,GLNS15-2059,775854,White sucker,253,17,1799,33,166.54,IL-0.631-1.265-X,IL-0.632-1.265-X,2.19,185.0365,C9H10ClO2,X-0.63-185.037,BD,
Lake_Michigan,GLNS15-2059,775854,White sucker,253,17,1799,33,166.54,IL-0.540-1.242-X,IL-0.543-1.239-X,0.6,186.0447,C9H11ClO2,X-0.54-186.044,BD,
Lake_Michigan,GLNS15-2059,775854,White sucker,253,17,1799,33,166.54,IL-0.625-1.047-X,IL-0.624-1.057-X,0.75,188.0601,C9H13ClO2,X-0.62-188.060,BD,
Lake_Michigan,GLNS15-2059,775854,White sucker,253,17,1799,33,166.54,IL-0.460-1.502-X,IL-0.460-1.525-X,0.68,214.1128,C12H19ClO,X-0.46-214.112,BD,
Lake_Michigan,GLNS15-2059,775854,White sucker,253,17,1799,33,166.54,IL-0.801-1.227-X,IL-0.801-1.251-X,4.41,273.9106,C8H6Cl4O2,X-0.80-273.912,BD,
Lake_Michigan,GLNS15-2059,775854,White sucker,253,17,1799,33,166.54,IL-1.199-0.995-X,IL-1.200-0.978-X,0.29,280.0498,C14H13ClO4,X-1.20-280.050,BD,
Lake_Michigan,GLNS15-2059,775854,White sucker,253,17,1799,33,166.54,IL-1.216-1.011-X,IL-1.217-0.995-X,21.16,280.0499,C14H13ClO4,X-1.22-280.050,BD,
Lake_Michigan,GLNS15-2060,775874,Walleye,712,139,5611,30,476.78,IL-0.703-0.961-X,IL-0.704-0.955-X,3.16,172.0284,C8H9ClO2,X-0.70-172.029,P,
Lake_Michigan,GLNS15-2060,775874,Walleye,712,139,5611,30,476.78,IL-0.646-1.022-X,IL-0.643-1.072-X,11.11,172.0286,C8H9ClO2,X-0.65-172.029,P,
Lake_Michigan,GLNS15-2060,775874,Walleye,712,139,5611,30,476.78,IL-0.631-1.257-X,IL-0.632-1.265-X,1.33,185.0365,C9H10ClO2,X-0.63-185.037,P,
Lake_Michigan,GLNS15-2060,775874,Walleye,712,139,5611,30,476.78,IL-1.502-1.047-X,IL-1.498-1.047-X,1.06,234.9944,C12H7Cl2N,X-1.50-234.995,P,
Lake_Michigan,GLNS15-2060,775874,Walleye,712,139,5611,30,476.78,IL-0.801-1.231-X,IL-0.801-1.251-X,0.44,273.9113,C8H6Cl4O2,X-0.80-273.912,P,
Lake_Michigan,GLNS15-2060,775874,Walleye,712,139,5611,30,476.78,IL-1.199-0.995-X,IL-1.200-0.978-X,6.87,280.049,C14H13ClO4,X-1.20-280.050,P,
Lake_Michigan,GLNS15-2060,775874,Walleye,712,139,5611,30,476.78,IL-1.057-1.167-X,IL-1.057-1.159-X,0.1,336.8674,C10H7Cl6,X-1.06-336.867,P,
Lake_Michigan,GLNS15-2060,775874,Walleye,712,139,5611,30,476.78,IL-0.697-1.250-X,IL-0.699-1.290-X,0.3,341.7885,C7H5Br3O,X-0.70-341.788,P,
Lake_Michigan,GLNS15-1243,775954,Burbot,12,30,2501,2,17.37,IL-1.203-0.982-X,IL-1.200-0.978-X,1.8,280.0509,C14H13ClO4,X-1.20-280.050,BD,
Lake_Michigan,GLNS15-1244,775974,Brown trout,608,671,3962,9,419.33,IL-0.699-0.975-X,IL-0.704-0.955-X,0.74,172.0279,C8H9ClO2,X-0.70-172.029,P,
Lake_Michigan,GLNS15-1244,775974,Brown trout,608,671,3962,9,419.33,IL-1.198-0.993-X,IL-1.200-0.978-X,6.67,280.0497,C14H13ClO4,X-1.20-280.050,P,
Lake_Michigan,GLNS15-1244,775974,Brown trout,608,671,3962,9,419.33,IL-1.053-1.175-X,IL-1.057-1.159-X,0.96,336.8678,C10H7Cl6,X-1.06-336.867,P,
Lake_Michigan,GLNS15-1251,776034,Burbot,2,4,2973,1,9.15,IL-1.203-0.987-X,IL-1.200-0.978-X,0.6,280.0502,C14H13ClO4,X-1.20-280.050,BD,
Lake_Michigan,GLNS15-1256,776054,Walleye,529,99,4719,9,379.7,IL-1.203-0.986-X,IL-1.200-0.978-X,7.85,280.0501,C14H13ClO4,X-1.20-280.050,P,
Lake_Erie,GLNS15-1156,776254,Lake whitefish,338,70,2508,37,385.29,IL-1.028-1.139-X,IL-1.028-1.146-X,0.5,301.9668,C13H9Cl3O2,X-1.03-301.967,BD,
Lake_Huron,GLNS15-1207,776334,Freshwater drum,115,20,834,36,78.15,IL-1.139-1.111-X,IL-1.139-1.108-X,1.28,235.0076,C13H9Cl2,X-1.14-235.008,P,DDD
Lake_Huron,GLNS15-1207,776334,Freshwater drum,115,20,834,36,78.15,IL-1.200-0.995-X,IL-1.200-0.978-X,22.84,280.0477,C14H13ClO4,X-1.20-280.050,P,
Lake_Huron,GLNS15-1207,776334,Freshwater drum,115,20,834,36,78.15,IL-1.218-1.015-X,IL-1.217-0.995-X,8.38,280.05,C14H13ClO4,X-1.22-280.050,P,
Lake_Ontario,GLNS15-2199,776354,Lake trout,943,491,4939,203,841.66,IL-0.635-1.273-X,IL-0.632-1.265-X,74.97,185.0598,C9H10ClO2,X-0.63-185.037,P,
Lake_Ontario,GLNS15-2199,776354,Lake trout,943,491,4939,203,841.66,IL-0.545-1.231-X,IL-0.543-1.239-X,16.56,186.0444,C9H11ClO2,X-0.54-186.044,P,
Lake_Ontario,GLNS15-2199,776354,Lake trout,943,491,4939,203,841.66,IL-0.624-1.058-X,IL-0.624-1.057-X,25.72,188.0598,C9H13ClO2,X-0.62-188.060,P,
Lake_Ontario,GLNS15-2199,776354,Lake trout,943,491,4939,203,841.66,IL-1.201-0.994-X,IL-1.200-0.978-X,52.48,280.05,C14H13ClO4,X-1.20-280.050,P,
Lake_Ontario,GLNS15-2199,776354,Lake trout,943,491,4939,203,841.66,IL-1.218-1.014-X,IL-1.217-0.995-X,36.61,280.05,C14H13ClO4,X-1.22-280.050,P,
Lake_Ontario,GLNS15-2199,776354,Lake trout,943,491,4939,203,841.66,IL-0.699-1.278-X,IL-0.699-1.290-X,3.72,341.7876,C7H5Br3O,X-0.70-341.788,P,
Lake_Huron,GLNS15-2094,776394,Lake trout,246,486,6118,177,58.8,IL-0.706-0.965-X,IL-0.704-0.955-X,6.54,172.0286,C8H9ClO2,X-0.70-172.029,P,
Lake_Huron,GLNS15-2094,776394,Lake trout,246,486,6118,177,58.8,IL-0.637-1.264-X,IL-0.632-1.265-X,3.1,185.0365,C9H10ClO2,X-0.63-185.037,P,
Lake_Huron,GLNS15-2094,776394,Lake trout,246,486,6118,177,58.8,IL-0.544-1.242-X,IL-0.543-1.239-X,0.81,186.0443,C9H11ClO2,X-0.54-186.044,P,
Lake_Huron,GLNS15-2094,776394,Lake trout,246,486,6118,177,58.8,IL-0.806-1.248-X,IL-0.801-1.251-X,4.03,273.9116,C8H6Cl4O2,X-0.80-273.912,P,
Lake_Huron,GLNS15-2094,776394,Lake trout,246,486,6118,177,58.8,IL-1.203-0.983-X,IL-1.200-0.978-X,91.35,280.0499,C14H13ClO4,X-1.20-280.050,P,
Lake_Huron,GLNS15-2094,776394,Lake trout,246,486,6118,177,58.8,IL-1.220-1.010-X,IL-1.217-0.995-X,13.14,280.0499,C14H13ClO4,X-1.22-280.050,P,
Lake_Huron,GLNS15-2094,776394,Lake trout,246,486,6118,177,58.8,IL-0.704-1.278-X,IL-0.699-1.290-X,0.62,341.7876,C7H5Br3O,X-0.70-341.788,P,
Lake_Huron,GLNS15-2094,776394,Lake trout,246,486,6118,177,58.8,IL-0.902-1.445-X,IL-0.899-1.450-X,0.12,384.806,C10H4Cl7O,X-0.90-384.806,P,
Lake_Erie,GLNS15-2153,776434,Channel catfish,2173,424,4403,80,980.87,IL-0.804-1.255-X,IL-0.801-1.251-X,13.75,273.9115,C8H6Cl4O2,X-0.80-273.912,BD,
Lake_Erie,GLNS15-2153,776434,Channel catfish,2173,424,4403,80,980.87,IL-1.224-1.021-X,IL-1.217-0.995-X,4.03,280.0486,C14H13ClO4,X-1.22-280.050,BD,
Lake_Erie,GLNS15-2153,776434,Channel catfish,2173,424,4403,80,980.87,IL-1.026-1.155-X,IL-1.028-1.146-X,1.58,301.9652,C13H9Cl3O2,X-1.03-301.967,BD,
Lake_Superior,GLNS15-2001,776534,Lake trout,47,35,770,32,38.33,IL-0.639-1.259-X,IL-0.632-1.265-X,4.28,185.0365,C9H10ClO2,X-0.63-185.037,P,
Lake_Superior,GLNS15-2001,776534,Lake trout,47,35,770,32,38.33,IL-1.201-0.994-X,IL-1.200-0.978-X,22.56,280.048,C14H13ClO4,X-1.20-280.050,P,
Lake_Ontario,GLNS15-1300,776574,Lake trout,1387,361,3324,98,1167.94,IL-0.631-1.271-X,IL-0.632-1.265-X,3.32,185.0362,C9H10ClO2,X-0.63-185.037,P,
Lake_Ontario,GLNS15-1300,776574,Lake trout,1387,361,3324,98,1167.94,IL-0.807-1.061-X,IL-0.809-1.041-X,0.51,235.9216,C7H6BrClO2,X-0.81-235.923,P,
Lake_Ontario,GLNS15-1300,776574,Lake trout,1387,361,3324,98,1167.94,IL-1.036-1.215-X,IL-0.979-1.253-X,1.45,245.999,C14H8Cl2,X-0.98-246.000,P,
Lake_Ontario,GLNS15-1300,776574,Lake trout,1387,361,3324,98,1167.94,IL-0.799-1.247-X,IL-0.801-1.251-X,3.27,273.911,C8H6Cl4O2,X-0.80-273.912,P,
Lake_Ontario,GLNS15-1300,776574,Lake trout,1387,361,3324,98,1167.94,IL-1.197-1.007-X,IL-1.200-0.978-X,42.18,280.0487,C14H13ClO4,X-1.20-280.050,P,
Lake_Ontario,GLNS15-1300,776574,Lake trout,1387,361,3324,98,1167.94,IL-1.059-1.162-X,IL-1.057-1.159-X,5.9,336.8663,C10H7Cl6,X-1.06-336.867,P,
Lake_Ontario,GLNS15-1300,776574,Lake trout,1387,361,3324,98,1167.94,IL-0.718-1.333-X,IL-0.718-1.295-X,0.88,337.7924,C8H5Br3,X-0.72-337.794,P,
Lake_Ontario,GLNS15-1300,776574,Lake trout,1387,361,3324,98,1167.94,IL-0.699-1.260-X,IL-0.699-1.290-X,0.58,341.7876,C7H5Br3O,X-0.70-341.788,P,
Lake_Ontario,GLNS15-1300,776574,Lake trout,1387,361,3324,98,1167.94,IL-0.898-1.453-X,IL-0.899-1.450-X,3.49,384.806,C10H4Cl7O,X-0.90-384.806,P,
Lake_Ontario,GLNS15-2201,776614,Chinook salmon,659,343,12172,18,611.95,IL-0.645-1.041-X,IL-0.643-1.072-X,1.71,172.0289,C8H9ClO2,X-0.65-172.029,P,
Lake_Ontario,GLNS15-2201,776614,Chinook salmon,659,343,12172,18,611.95,IL-1.201-0.995-X,IL-1.200-0.978-X,3.62,280.0499,C14H13ClO4,X-1.20-280.050,P,
Lake_Ontario,GLNS15-2201,776614,Chinook salmon,659,343,12172,18,611.95,IL-1.218-1.012-X,IL-1.217-0.995-X,1.62,280.0499,C14H13ClO4,X-1.22-280.050,P,
Lake_Ontario,GLNS15-2201,776614,Chinook salmon,659,343,12172,18,611.95,IL-1.056-1.170-X,IL-1.057-1.159-X,0.42,336.8681,C10H7Cl6,X-1.06-336.867,P,
Lake_Ontario,GLNS15-2198,776734,Smallmouth bass,512,286,4922,14,117.91,IL-1.203-0.843-X,IL-1.200-0.978-X,11.3,280.0502,C14H13ClO4,X-1.20-280.050,P,
Lake_Ontario,GLNS15-1292,776754,Coho salmon,506,241,1974,220,409.09,IL-0.704-0.979-X,IL-0.704-0.955-X,4.13,172.0283,C8H9ClO2,X-0.70-172.029,P,
Lake_Ontario,GLNS15-1292,776754,Coho salmon,506,241,1974,220,409.09,IL-0.632-1.275-X,IL-0.632-1.265-X,48.07,185.0352,C9H10ClO2,X-0.63-185.037,P,
Lake_Ontario,GLNS15-1292,776754,Coho salmon,506,241,1974,220,409.09,IL-0.541-1.230-X,IL-0.543-1.239-X,7.03,186.0441,C9H11ClO2,X-0.54-186.044,P,
Lake_Ontario,GLNS15-1292,776754,Coho salmon,506,241,1974,220,409.09,IL-0.860-1.024-X,IL-0.862-1.026-X,1.21,190.0291,C10H7ClN2,X-0.86-190.030,P,
Lake_Ontario,GLNS15-1292,776754,Coho salmon,506,241,1974,220,409.09,IL-0.459-1.529-X,IL-0.460-1.525-X,4.97,214.1121,C12H19ClO,X-0.46-214.112,P,
Lake_Ontario,GLNS15-1292,776754,Coho salmon,506,241,1974,220,409.09,IL-0.706-1.093-X,IL-0.709-1.096-X,44.28,216.0913,C11H17ClO2,X-0.71-216.091,P,
Lake_Ontario,GLNS15-1292,776754,Coho salmon,506,241,1974,220,409.09,IL-0.808-1.033-X,IL-0.809-1.041-X,1.16,235.923,C7H6BrClO2,X-0.81-235.923,P,
Lake_Ontario,GLNS15-1292,776754,Coho salmon,506,241,1974,220,409.09,IL-0.799-1.252-X,IL-0.801-1.251-X,0.22,273.9111,C8H6Cl4O2,X-0.80-273.912,P,
Lake_Ontario,GLNS15-1292,776754,Coho salmon,506,241,1974,220,409.09,IL-1.197-1.001-X,IL-1.200-0.978-X,33.57,280.0499,C14H13ClO4,X-1.20-280.050,P,
Lake_Ontario,GLNS15-1292,776754,Coho salmon,506,241,1974,220,409.09,IL-1.214-1.018-X,IL-1.217-0.995-X,21.01,280.0499,C14H13ClO4,X-1.22-280.050,P,
Lake_Ontario,GLNS15-1292,776754,Coho salmon,506,241,1974,220,409.09,IL-0.696-1.275-X,IL-0.699-1.290-X,4.95,341.7876,C7H5Br3O,X-0.70-341.788,P,
Lake_Ontario,GLNS15-1289,776794,Walleye,794,197,5863,23,117.65,IL-0.706-0.825-X,IL-0.704-0.955-X,17.78,172.0287,C8H9ClO2,X-0.70-172.029,P,
Lake_Ontario,GLNS15-1289,776794,Walleye,794,197,5863,23,117.65,IL-0.989-1.096-X,IL-0.985-1.321-X,0.37,301.9624,Unknown D,X-0.98-301.962,P,
Lake_Ontario,GLNS15-1289,776794,Walleye,794,197,5863,23,117.65,IL-1.030-0.972-X,IL-1.028-1.146-X,0.49,301.9671,C13H9Cl3O2,X-1.03-301.967,P,
Lake_Ontario,GLNS15-2185,776834,Chinook salmon,421,326,4918,16,355.71,IL-0.633-1.250-X,IL-0.632-1.265-X,4.47,185.0365,C9H10ClO2,X-0.63-185.037,P,
Lake_Ontario,GLNS15-2185,776834,Chinook salmon,421,326,4918,16,355.71,IL-0.543-1.218-X,IL-0.543-1.239-X,1.2,186.0447,C9H11ClO2,X-0.54-186.044,P,
Lake_Ontario,GLNS15-2185,776834,Chinook salmon,421,326,4918,16,355.71,IL-1.200-1.000-X,IL-1.200-0.978-X,2.58,280.0499,C14H13ClO4,X-1.20-280.050,P,
Lake_Ontario,GLNS15-2185,776834,Chinook salmon,421,326,4918,16,355.71,IL-0.701-1.258-X,IL-0.699-1.290-X,0.61,341.7876,C7H5Br3O,X-0.70-341.788,P,
Lake_Ontario,GLNS15-1288,776854,White perch,453,29,8445,10,632.22,IL-1.195-0.986-X,IL-1.200-0.978-X,7.2,280.0497,C14H13ClO4,X-1.20-280.050,P,
Lake_Michigan,GLNS15-2054,776874,Lake trout,528,461,2385,60,341.36,IL-0.629-1.290-X,IL-0.632-1.265-X,6,185.0365,C9H10ClO2,X-0.63-185.037,P,
Lake_Michigan,GLNS15-2054,776874,Lake trout,528,461,2385,60,341.36,IL-0.540-1.245-X,IL-0.543-1.239-X,3.34,186.0442,C9H11ClO2,X-0.54-186.044,P,
Lake_Michigan,GLNS15-2054,776874,Lake trout,528,461,2385,60,341.36,IL-0.624-1.065-X,IL-0.624-1.057-X,0.72,188.0598,C9H13ClO2,X-0.62-188.060,P,
Lake_Michigan,GLNS15-2054,776874,Lake trout,528,461,2385,60,341.36,IL-0.705-1.097-X,IL-0.709-1.096-X,7.34,216.0908,C11H17ClO2,X-0.71-216.091,P,
Lake_Michigan,GLNS15-2054,776874,Lake trout,528,461,2385,60,341.36,IL-0.979-1.253-X,IL-0.979-1.253-X,0.48,245.9997,C14H8Cl2,X-0.98-246.000,P,
Lake_Michigan,GLNS15-2054,776874,Lake trout,528,461,2385,60,341.36,IL-1.105-1.057-X,IL-1.106-1.063-X,0.88,248.015,C14H10Cl2,X-1.11-248.015,P,
Lake_Michigan,GLNS15-2054,776874,Lake trout,528,461,2385,60,341.36,IL-0.800-1.249-X,IL-0.801-1.251-X,0.41,273.9116,C8H6Cl4O2,X-0.80-273.912,P,
Lake_Michigan,GLNS15-2054,776874,Lake trout,528,461,2385,60,341.36,IL-1.196-0.997-X,IL-1.200-0.978-X,22.9,280.0499,C14H13ClO4,X-1.20-280.050,P,
Lake_Michigan,GLNS15-2054,776874,Lake trout,528,461,2385,60,341.36,IL-0.696-1.296-X,IL-0.699-1.290-X,0.37,341.7881,C7H5Br3O,X-0.70-341.788,P,
Lake_Michigan,GLNS15-1249,776914,Lake trout,357,332,6938,19,325.57,IL-0.642-1.266-X,IL-0.643-1.072-X,0.85,172.0288,C8H9ClO2,X-0.65-172.029,P,
Lake_Michigan,GLNS15-1249,776914,Lake trout,357,332,6938,19,325.57,IL-0.635-1.276-X,IL-0.632-1.265-X,5.28,185.0355,C9H10ClO2,X-0.63-185.037,P,
Lake_Michigan,GLNS15-1249,776914,Lake trout,357,332,6938,19,325.57,IL-0.710-1.093-X,IL-0.709-1.096-X,4.54,216.0915,C11H17ClO2,X-0.71-216.091,P,
Lake_Michigan,GLNS15-1249,776914,Lake trout,357,332,6938,19,325.57,IL-1.200-0.992-X,IL-1.200-0.978-X,6.98,280.0457,C14H13ClO4,X-1.20-280.050,P,
Lake_Michigan,GLNS15-1249,776914,Lake trout,357,332,6938,19,325.57,IL-1.220-1.015-X,IL-1.217-0.995-X,0.83,280.0457,C14H13ClO4,X-1.22-280.050,P,
Lake_Michigan,GLNS15-2056,776934,Longnose sucker,178,150,2130,45,162.64,IL-0.701-0.967-X,IL-0.704-0.955-X,1.71,172.0288,C8H9ClO2,X-0.70-172.029,BD,
Lake_Michigan,GLNS15-2056,776934,Longnose sucker,178,150,2130,45,162.64,IL-0.803-1.242-X,IL-0.801-1.251-X,1.09,273.9124,C8H6Cl4O2,X-0.80-273.912,BD,
Lake_Michigan,GLNS15-2056,776934,Longnose sucker,178,150,2130,45,162.64,IL-1.197-0.992-X,IL-1.200-0.978-X,20.6,280.0501,C14H13ClO4,X-1.20-280.050,BD,
Lake_Michigan,GLNS15-1248,776954,White sucker,7,32,2341,6,15.49,IL-0.706-0.975-X,IL-0.704-0.955-X,1.9,172.029,C8H9ClO2,X-0.70-172.029,BD,
Lake_Michigan,GLNS15-1248,776954,White sucker,7,32,2341,6,15.49,IL-1.203-1.003-X,IL-1.200-0.978-X,5.1,280.0496,C14H13ClO4,X-1.20-280.050,BD,
Lake_Michigan,GLNS15-1247,777014,White sucker,ND,20,1774,1,5.21,IL-1.198-0.994-X,IL-1.200-0.978-X,0.8,280.048,C14H13ClO4,X-1.20-280.050,BD,
Lake_Erie,GLNS15-2148,777094,Freshwater drum,185,28,4765,22,187.24,IL-0.637-1.067-X,IL-0.643-1.072-X,8.78,172.0295,C8H9ClO2,X-0.65-172.029,P,
Lake_Erie,GLNS15-2148,777094,Freshwater drum,185,28,4765,22,187.24,IL-1.203-0.874-X,IL-1.200-0.978-X,13.04,280.0488,C14H13ClO4,X-1.20-280.050,P,
Lake_Erie,GLNS15-1162,777114,Freshwater drum,62,40,5687,22,77.04,IL-0.704-0.826-X,IL-0.704-0.955-X,4.16,172.0317,C8H9ClO2,X-0.70-172.029,P,
Lake_Erie,GLNS15-1162,777114,Freshwater drum,62,40,5687,22,77.04,IL-1.203-0.841-X,IL-1.200-0.978-X,17.94,280.0506,C14H13ClO4,X-1.20-280.050,P,
Lake_Erie,GLNS15-2163,777154,White bass,214,53,5099,101,160.37,IL-0.633-1.167-X,IL-0.632-1.265-X,5.17,185.0367,C9H10ClO2,X-0.63-185.037,P,
Lake_Erie,GLNS15-2163,777154,White bass,214,53,5099,101,160.37,IL-1.195-0.913-X,IL-1.200-0.978-X,69.13,280.0501,C14H13ClO4,X-1.20-280.050,P,
Lake_Erie,GLNS15-2163,777154,White bass,214,53,5099,101,160.37,IL-1.214-0.927-X,IL-1.217-0.995-X,20.38,280.0504,C14H13ClO4,X-1.22-280.050,P,
Lake_Ontario,GLNS15-1293,777794,Smallmouth bass,268,149,4460,26,209.28,IL-0.703-0.989-X,IL-0.704-0.955-X,2.95,172.0286,C8H9ClO2,X-0.70-172.029,P,
Lake_Ontario,GLNS15-1293,777794,Smallmouth bass,268,149,4460,26,209.28,IL-0.646-1.028-X,IL-0.643-1.072-X,2.57,172.0288,C8H9ClO2,X-0.65-172.029,P,
Lake_Ontario,GLNS15-1293,777794,Smallmouth bass,268,149,4460,26,209.28,IL-0.631-1.260-X,IL-0.632-1.265-X,3.46,185.0363,C9H10ClO2,X-0.63-185.037,P,
Lake_Ontario,GLNS15-1293,777794,Smallmouth bass,268,149,4460,26,209.28,IL-0.708-1.075-X,IL-0.709-1.096-X,2.11,216.0913,C11H17ClO2,X-0.71-216.091,P,
Lake_Ontario,GLNS15-1293,777794,Smallmouth bass,268,149,4460,26,209.28,IL-0.943-1.051-X,IL-0.944-1.059-X,0.16,223.9907,C10H6Cl2N2,X-0.94-223.991,P,
Lake_Ontario,GLNS15-1293,777794,Smallmouth bass,268,149,4460,26,209.28,IL-1.500-1.065-X,IL-1.498-1.047-X,0.31,234.9953,C12H7Cl2N,X-1.50-234.995,P,
Lake_Ontario,GLNS15-1293,777794,Smallmouth bass,268,149,4460,26,209.28,IL-0.814-1.028-X,IL-0.809-1.041-X,0.09,235.923,C7H6BrClO2,X-0.81-235.923,P,
Lake_Ontario,GLNS15-1293,777794,Smallmouth bass,268,149,4460,26,209.28,IL-1.106-1.066-X,IL-1.106-1.063-X,0.34,248.0157,C14H10Cl2,X-1.11-248.015,P,
Lake_Ontario,GLNS15-1293,777794,Smallmouth bass,268,149,4460,26,209.28,IL-0.801-1.230-X,IL-0.801-1.251-X,0.09,273.9113,C8H6Cl4O2,X-0.80-273.912,P,
Lake_Ontario,GLNS15-1293,777794,Smallmouth bass,268,149,4460,26,209.28,IL-1.197-0.997-X,IL-1.200-0.978-X,5.41,280.0499,C14H13ClO4,X-1.20-280.050,P,
Lake_Ontario,GLNS15-1293,777794,Smallmouth bass,268,149,4460,26,209.28,IL-0.716-1.304-X,IL-0.718-1.295-X,0.29,337.7942,C8H5Br3,X-0.72-337.794,P,
Lake_Ontario,GLNS15-1293,777794,Smallmouth bass,268,149,4460,26,209.28,IL-0.697-1.280-X,IL-0.699-1.290-X,0.15,341.7891,C7H5Br3O,X-0.70-341.788,P,
Lake_Ontario,GLNS15-1299,777814,Lake trout,926,516,2720,143,596.57,IL-0.633-1.258-X,IL-0.632-1.265-X,5.97,185.0357,C9H10ClO2,X-0.63-185.037,P,
Lake_Ontario,GLNS15-1299,777814,Lake trout,926,516,2720,143,596.57,IL-0.540-1.233-X,IL-0.543-1.239-X,1.05,186.0435,C9H11ClO2,X-0.54-186.044,P,
Lake_Ontario,GLNS15-1299,777814,Lake trout,926,516,2720,143,596.57,IL-0.623-1.042-X,IL-0.624-1.057-X,1.47,188.0592,C9H13ClO2,X-0.62-188.060,P,
Lake_Ontario,GLNS15-1299,777814,Lake trout,926,516,2720,143,596.57,IL-0.862-1.029-X,IL-0.862-1.026-X,1.94,190.0276,C10H7ClN2,X-0.86-190.030,P,
Lake_Ontario,GLNS15-1299,777814,Lake trout,926,516,2720,143,596.57,IL-0.799-1.250-X,IL-0.801-1.251-X,1.08,273.9116,C8H6Cl4O2,X-0.80-273.912,P,
Lake_Ontario,GLNS15-1299,777814,Lake trout,926,516,2720,143,596.57,IL-1.197-0.998-X,IL-1.200-0.978-X,42.25,280.0485,C14H13ClO4,X-1.20-280.050,P,
Lake_Ontario,GLNS15-1299,777814,Lake trout,926,516,2720,143,596.57,IL-1.214-1.012-X,IL-1.217-0.995-X,24.93,280.0488,C14H13ClO4,X-1.22-280.050,P,
Lake_Ontario,GLNS15-1299,777814,Lake trout,926,516,2720,143,596.57,IL-1.055-1.158-X,IL-1.057-1.159-X,6.23,336.8658,C10H7Cl6,X-1.06-336.867,P,
Lake_Ontario,GLNS15-1299,777814,Lake trout,926,516,2720,143,596.57,IL-1.222-1.496-X,IL-1.226-1.476-X,0.93,358.7429,Unknown G-C7H3Br3Cl,X-1.23-358.746,P,
Lake_Ontario,GLNS15-1296,777854,Coho salmon,437,184,1857,133,347.16,IL-0.641-1.297-X,IL-0.641-1.293-X,5.4,131.0255,C6H8ClO,X-0.64-131.026,P,
Lake_Ontario,GLNS15-1296,777854,Coho salmon,437,184,1857,133,347.16,IL-0.704-0.966-X,IL-0.704-0.955-X,1.49,172.0286,C8H9ClO2,X-0.70-172.029,P,
Lake_Ontario,GLNS15-1296,777854,Coho salmon,437,184,1857,133,347.16,IL-0.645-1.037-X,IL-0.643-1.072-X,0.64,172.0288,C8H9ClO2,X-0.65-172.029,P,
Lake_Ontario,GLNS15-1296,777854,Coho salmon,437,184,1857,133,347.16,IL-0.632-1.273-X,IL-0.632-1.265-X,6.35,185.0356,C9H10ClO2,X-0.63-185.037,P,
Lake_Ontario,GLNS15-1296,777854,Coho salmon,437,184,1857,133,347.16,IL-0.541-1.221-X,IL-0.543-1.239-X,2.51,186.0436,C9H11ClO2,X-0.54-186.044,P,
Lake_Ontario,GLNS15-1296,777854,Coho salmon,437,184,1857,133,347.16,IL-0.858-1.028-X,IL-0.862-1.026-X,0.61,190.0296,C10H7ClN2,X-0.86-190.030,P,
Lake_Ontario,GLNS15-1296,777854,Coho salmon,437,184,1857,133,347.16,IL-0.708-1.090-X,IL-0.709-1.096-X,16.75,216.091,C11H17ClO2,X-0.71-216.091,P,
Lake_Ontario,GLNS15-1296,777854,Coho salmon,437,184,1857,133,347.16,IL-0.941-1.044-X,IL-0.944-1.059-X,0.07,223.9878,C10H6Cl2N2,X-0.94-223.991,P,
Lake_Ontario,GLNS15-1296,777854,Coho salmon,437,184,1857,133,347.16,IL-0.799-1.250-X,IL-0.801-1.251-X,0.33,273.9078,C8H6Cl4O2,X-0.80-273.912,P,
Lake_Ontario,GLNS15-1296,777854,Coho salmon,437,184,1857,133,347.16,IL-1.214-1.019-X,IL-1.217-0.995-X,21.91,280.0489,C14H13ClO4,X-1.22-280.050,P,
Lake_Ontario,GLNS15-1296,777854,Coho salmon,437,184,1857,133,347.16,IL-1.197-0.997-X,IL-1.200-0.978-X,58.29,280.0499,C14H13ClO4,X-1.20-280.050,P,
Lake_Ontario,GLNS15-1296,777854,Coho salmon,437,184,1857,133,347.16,IL-0.698-1.292-X,IL-0.699-1.290-X,0.28,341.786,C7H5Br3O,X-0.70-341.788,P,
Lake_Ontario,GLNS15-2194,777874,Chinook salmon,492,466,1511,50,495.99,IL-0.702-0.962-X,IL-0.704-0.955-X,0.59,172.0286,C8H9ClO2,X-0.70-172.029,P,
Lake_Ontario,GLNS15-2194,777874,Chinook salmon,492,466,1511,50,495.99,IL-0.634-1.279-X,IL-0.632-1.265-X,1.48,185.0365,C9H10ClO2,X-0.63-185.037,P,
Lake_Ontario,GLNS15-2194,777874,Chinook salmon,492,466,1511,50,495.99,IL-0.542-1.242-X,IL-0.543-1.239-X,0.64,186.0441,C9H11ClO2,X-0.54-186.044,P,
Lake_Ontario,GLNS15-2194,777874,Chinook salmon,492,466,1511,50,495.99,IL-0.862-1.035-X,IL-0.862-1.026-X,0.13,190.0296,C10H7ClN2,X-0.86-190.030,P,
Lake_Ontario,GLNS15-2194,777874,Chinook salmon,492,466,1511,50,495.99,IL-0.945-1.066-X,IL-0.944-1.059-X,0.4,223.9907,C10H6Cl2N2,X-0.94-223.991,P,
Lake_Ontario,GLNS15-2194,777874,Chinook salmon,492,466,1511,50,495.99,IL-1.106-1.071-X,IL-1.106-1.063-X,0.96,248.0152,C14H10Cl2,X-1.11-248.015,P,
Lake_Ontario,GLNS15-2194,777874,Chinook salmon,492,466,1511,50,495.99,IL-1.198-1.000-X,IL-1.200-0.978-X,24.97,280.0472,C14H13ClO4,X-1.20-280.050,P,
Lake_Ontario,GLNS15-2194,777874,Chinook salmon,492,466,1511,50,495.99,IL-1.215-1.019-X,IL-1.217-0.995-X,9.8,280.0503,C14H13ClO4,X-1.22-280.050,P,
Lake_Superior,GLNS15-1343,777914,Lake whitefish,11,15,6143,105,15.37,IL-0.705-0.975-X,IL-0.704-0.955-X,2.24,172.0285,C8H9ClO2,X-0.70-172.029,BD,
Lake_Superior,GLNS15-1343,777914,Lake whitefish,11,15,6143,105,15.37,IL-0.637-1.264-X,IL-0.632-1.265-X,12.04,185.0365,C9H10ClO2,X-0.63-185.037,BD,
Lake_Superior,GLNS15-1343,777914,Lake whitefish,11,15,6143,105,15.37,IL-0.545-1.217-X,IL-0.543-1.239-X,2.87,186.044,C9H11ClO2,X-0.54-186.044,BD,
Lake_Superior,GLNS15-1343,777914,Lake whitefish,11,15,6143,105,15.37,IL-0.709-1.093-X,IL-0.709-1.096-X,5.2,216.0913,C11H17ClO2,X-0.71-216.091,BD,
Lake_Superior,GLNS15-1343,777914,Lake whitefish,11,15,6143,105,15.37,IL-0.801-1.253-X,IL-0.801-1.251-X,0.48,273.9119,C8H6Cl4O2,X-0.80-273.912,BD,
Lake_Superior,GLNS15-1343,777914,Lake whitefish,11,15,6143,105,15.37,IL-1.201-0.994-X,IL-1.200-0.978-X,65.68,280.0482,C14H13ClO4,X-1.20-280.050,BD,
Lake_Superior,GLNS15-1343,777914,Lake whitefish,11,15,6143,105,15.37,IL-1.216-0.978-X,IL-1.217-0.995-X,0.83,280.0494,C14H13ClO4,X-1.22-280.050,BD,
Lake_Superior,GLNS15-1343,777914,Lake whitefish,11,15,6143,105,15.37,IL-0.701-1.305-X,IL-0.699-1.290-X,0.08,341.788,C7H5Br3O,X-0.70-341.788,BD,
Lake_Erie,GLNS15-2154,778034,Yellow perch,1,0,3460,3,7.23,IL-1.200-0.994-X,IL-1.200-0.978-X,2.89,280.0493,C14H13ClO4,X-1.20-280.050,P,
Lake_Superior,GLNS15-2004,778314,Lake trout,21,17,3448,25,38.15,IL-0.647-1.044-X,IL-0.643-1.072-X,1.29,172.0283,C8H9ClO2,X-0.65-172.029,P,
Lake_Superior,GLNS15-2004,778314,Lake trout,21,17,3448,25,38.15,IL-0.639-1.270-X,IL-0.632-1.265-X,1.72,185.0365,C9H10ClO2,X-0.63-185.037,P,
Lake_Superior,GLNS15-2004,778314,Lake trout,21,17,3448,25,38.15,IL-0.545-1.241-X,IL-0.543-1.239-X,0.4,186.0441,C9H11ClO2,X-0.54-186.044,P,
Lake_Superior,GLNS15-2004,778314,Lake trout,21,17,3448,25,38.15,IL-1.201-0.992-X,IL-1.200-0.978-X,19.81,280.0487,C14H13ClO4,X-1.20-280.050,P,
Lake_Michigan,GLNS15-2051,778474,Yellow perch,19,5,842,6,15.84,IL-0.646-1.033-X,IL-0.643-1.072-X,3.32,172.0283,C8H9ClO2,X-0.65-172.029,P,
Lake_Michigan,GLNS15-2051,778474,Yellow perch,19,5,842,6,15.84,IL-0.702-0.970-X,IL-0.704-0.955-X,1.1,172.0285,C8H9ClO2,X-0.70-172.029,P,
Lake_Michigan,GLNS15-2051,778474,Yellow perch,19,5,842,6,15.84,IL-1.196-0.995-X,IL-1.200-0.978-X,1.27,280.0489,C14H13ClO4,X-1.20-280.050,P,
Lake_Superior,GLNS15-2002,778514,Lake trout,34,25,2729,66,42.51,IL-0.637-1.286-X,IL-0.632-1.265-X,4.61,185.0365,C9H10ClO2,X-0.63-185.037,P,
Lake_Superior,GLNS15-2002,778514,Lake trout,34,25,2729,66,42.51,IL-0.545-1.230-X,IL-0.543-1.239-X,3.63,186.0441,C9H11ClO2,X-0.54-186.044,P,
Lake_Superior,GLNS15-2002,778514,Lake trout,34,25,2729,66,42.51,IL-0.709-1.091-X,IL-0.709-1.096-X,1.98,216.091,C11H17ClO2,X-0.71-216.091,P,
Lake_Superior,GLNS15-2002,778514,Lake trout,34,25,2729,66,42.51,IL-1.201-0.992-X,IL-1.200-0.978-X,51.86,280.05,C14H13ClO4,X-1.20-280.050,P,
Lake_Superior,GLNS15-2005,778554,Lake trout,58,38,8285,77,45.75,IL-0.704-0.967-X,IL-0.704-0.955-X,3.83,172.0289,C8H9ClO2,X-0.70-172.029,P,
Lake_Superior,GLNS15-2005,778554,Lake trout,58,38,8285,77,45.75,IL-0.635-1.270-X,IL-0.632-1.265-X,11.83,185.0365,C9H10ClO2,X-0.63-185.037,P,
Lake_Superior,GLNS15-2005,778554,Lake trout,58,38,8285,77,45.75,IL-0.544-1.248-X,IL-0.543-1.239-X,2.93,186.0443,C9H11ClO2,X-0.54-186.044,P,
Lake_Superior,GLNS15-2005,778554,Lake trout,58,38,8285,77,45.75,IL-0.625-1.060-X,IL-0.624-1.057-X,2.34,188.0598,C9H13ClO2,X-0.62-188.060,P,
Lake_Superior,GLNS15-2005,778554,Lake trout,58,38,8285,77,45.75,IL-0.710-1.099-X,IL-0.709-1.096-X,7.92,216.0909,C11H17ClO2,X-0.71-216.091,P,
Lake_Superior,GLNS15-2005,778554,Lake trout,58,38,8285,77,45.75,IL-0.800-1.250-X,IL-0.801-1.251-X,1.57,273.9116,C8H6Cl4O2,X-0.80-273.912,P,
Lake_Superior,GLNS15-2005,778554,Lake trout,58,38,8285,77,45.75,IL-1.198-0.994-X,IL-1.200-0.978-X,18.73,280.0479,C14H13ClO4,X-1.20-280.050,P,
Lake_Superior,GLNS15-2005,778554,Lake trout,58,38,8285,77,45.75,IL-1.215-1.017-X,IL-1.217-0.995-X,10.75,280.0496,C14H13ClO4,X-1.22-280.050,P,
Lake_Superior,GLNS15-2010,778674,Walleye,31,13,7470,7.48,35.43,IL-0.647-1.039-X,IL-0.643-1.072-X,2.5,172.0286,C8H9ClO2,X-0.65-172.029,P,
Lake_Superior,GLNS15-2010,778674,Walleye,31,13,7470,7.48,35.43,IL-0.704-0.968-X,IL-0.704-0.955-X,4.09,172.0286,C8H9ClO2,X-0.70-172.029,P,
Lake_Superior,GLNS15-2010,778674,Walleye,31,13,7470,7.48,35.43,IL-0.801-1.267-X,IL-0.801-1.251-X,0.08,273.9116,C8H6Cl4O2,X-0.80-273.912,P,
Lake_Superior,GLNS15-2010,778674,Walleye,31,13,7470,7.48,35.43,IL-1.201-0.992-X,IL-1.200-0.978-X,1.22,280.05,C14H13ClO4,X-1.20-280.050,P,
Lake_Superior,GLNS15-2010,778674,Walleye,31,13,7470,7.48,35.43,IL-1.030-1.152-X,IL-1.028-1.146-X,0.09,301.9663,C13H9Cl3O2,X-1.03-301.967,P,
Lake_Superior,GLNS15-1342,778694,Lake trout,69,38,8632,80,69.86,IL-0.704-0.978-X,IL-0.704-0.955-X,3.24,172.0286,C8H9ClO2,X-0.70-172.029,P,
Lake_Superior,GLNS15-1342,778694,Lake trout,69,38,8632,80,69.86,IL-0.635-1.275-X,IL-0.632-1.265-X,24.72,185.0365,C9H10ClO2,X-0.63-185.037,P,
Lake_Superior,GLNS15-1342,778694,Lake trout,69,38,8632,80,69.86,IL-0.544-1.233-X,IL-0.543-1.239-X,3.45,186.0443,C9H11ClO2,X-0.54-186.044,P,
Lake_Superior,GLNS15-1342,778694,Lake trout,69,38,8632,80,69.86,IL-1.198-0.997-X,IL-1.200-0.978-X,35.99,280.0499,C14H13ClO4,X-1.20-280.050,P,
Lake_Superior,GLNS15-1333,778714,Lake whitefish,30,19,5010,35,26.3,IL-0.704-0.970-X,IL-0.704-0.955-X,6.92,172.0284,C8H9ClO2,X-0.70-172.029,BD,
Lake_Superior,GLNS15-1333,778714,Lake whitefish,30,19,5010,35,26.3,IL-0.646-1.038-X,IL-0.643-1.072-X,1.26,172.0286,C8H9ClO2,X-0.65-172.029,BD,
Lake_Superior,GLNS15-1333,778714,Lake whitefish,30,19,5010,35,26.3,IL-0.637-1.266-X,IL-0.632-1.265-X,2.56,185.0365,C9H10ClO2,X-0.63-185.037,BD,
Lake_Superior,GLNS15-1333,778714,Lake whitefish,30,19,5010,35,26.3,IL-0.544-1.247-X,IL-0.543-1.239-X,0.71,186.0441,C9H11ClO2,X-0.54-186.044,BD,
Lake_Superior,GLNS15-1333,778714,Lake whitefish,30,19,5010,35,26.3,IL-0.625-1.057-X,IL-0.624-1.057-X,0.5,188.0598,C9H13ClO2,X-0.62-188.060,BD,
Lake_Superior,GLNS15-1333,778714,Lake whitefish,30,19,5010,35,26.3,IL-0.802-1.262-X,IL-0.801-1.251-X,0.2,273.9112,C8H6Cl4O2,X-0.80-273.912,BD,
Lake_Superior,GLNS15-1333,778714,Lake whitefish,30,19,5010,35,26.3,IL-1.200-0.992-X,IL-1.200-0.978-X,14.12,280.0499,C14H13ClO4,X-1.20-280.050,BD,
Lake_Superior,GLNS15-1333,778714,Lake whitefish,30,19,5010,35,26.3,IL-1.218-1.011-X,IL-1.217-0.995-X,5.4,280.0499,C14H13ClO4,X-1.22-280.050,BD,
Lake_Superior,GLNS15-1334,778734,Lake whitefish,19,17,1991,10,21.73,IL-0.646-1.045-X,IL-0.643-1.072-X,0.55,172.0283,C8H9ClO2,X-0.65-172.029,BD,
Lake_Superior,GLNS15-1334,778734,Lake whitefish,19,17,1991,10,21.73,IL-0.704-0.969-X,IL-0.704-0.955-X,0.51,172.0285,C8H9ClO2,X-0.70-172.029,BD,
Lake_Superior,GLNS15-1334,778734,Lake whitefish,19,17,1991,10,21.73,IL-0.544-1.241-X,IL-0.543-1.239-X,0.3,186.0439,C9H11ClO2,X-0.54-186.044,BD,
Lake_Superior,GLNS15-1334,778734,Lake whitefish,19,17,1991,10,21.73,IL-1.200-0.995-X,IL-1.200-0.978-X,8.48,280.0496,C14H13ClO4,X-1.20-280.050,BD,
Lake_Superior,GLNS15-2012,778754,Lake whitefish,3,4,7955,46.58,6.96,IL-0.704-0.968-X,IL-0.704-0.955-X,3.96,172.0285,C8H9ClO2,X-0.70-172.029,BD,
Lake_Superior,GLNS15-2012,778754,Lake whitefish,3,4,7955,46.58,6.96,IL-0.636-1.287-X,IL-0.632-1.265-X,0.8,185.0365,C9H10ClO2,X-0.63-185.037,BD,
Lake_Superior,GLNS15-2012,778754,Lake whitefish,3,4,7955,46.58,6.96,IL-0.546-1.245-X,IL-0.543-1.239-X,1.74,186.0441,C9H11ClO2,X-0.54-186.044,BD,
Lake_Superior,GLNS15-2012,778754,Lake whitefish,3,4,7955,46.58,6.96,IL-0.625-1.053-X,IL-0.624-1.057-X,1.92,188.0598,C9H13ClO2,X-0.62-188.060,BD,
Lake_Superior,GLNS15-2012,778754,Lake whitefish,3,4,7955,46.58,6.96,IL-1.201-0.990-X,IL-1.200-0.978-X,27.19,280.05,C14H13ClO4,X-1.20-280.050,BD,
Lake_Superior,GLNS15-2012,778754,Lake whitefish,3,4,7955,46.58,6.96,IL-1.216-0.976-X,IL-1.217-0.995-X,3.48,280.0501,C14H13ClO4,X-1.22-280.050,BD,
Lake_Superior,GLNS15-2012,778754,Lake whitefish,3,4,7955,46.58,6.96,IL-0.700-1.309-X,IL-0.699-1.290-X,0.12,341.7874,C7H5Br3O,X-0.70-341.788,BD,
Lake_Erie,GLNS15-1152,778874,Yellow perch,19,4,2419,4,32.93,IL-0.646-0.889-X,IL-0.643-1.072-X,0.91,172.0287,C8H9ClO2,X-0.65-172.029,P,
Lake_Erie,GLNS15-1152,778874,Yellow perch,19,4,2419,4,32.93,IL-0.704-0.827-X,IL-0.704-0.955-X,2.26,172.0288,C8H9ClO2,X-0.70-172.029,P,
Lake_Erie,GLNS15-1152,778874,Yellow perch,19,4,2419,4,32.93,IL-1.200-0.843-X,IL-1.200-0.978-X,0.98,280.0505,C14H13ClO4,X-1.20-280.050,P,
Lake_Superior,GLNS15-1337,778934,Lake whitefish,39,29,5410,92,32.74,IL-0.646-1.030-X,IL-0.643-1.072-X,0.86,172.0285,C8H9ClO2,X-0.65-172.029,BD,
Lake_Superior,GLNS15-1337,778934,Lake whitefish,39,29,5410,92,32.74,IL-0.704-0.970-X,IL-0.704-0.955-X,3.44,172.0285,C8H9ClO2,X-0.70-172.029,BD,
Lake_Superior,GLNS15-1337,778934,Lake whitefish,39,29,5410,92,32.74,IL-0.635-1.272-X,IL-0.632-1.265-X,18.03,185.0365,C9H10ClO2,X-0.63-185.037,BD,
Lake_Superior,GLNS15-1337,778934,Lake whitefish,39,29,5410,92,32.74,IL-0.544-1.236-X,IL-0.543-1.239-X,5.92,186.0444,C9H11ClO2,X-0.54-186.044,BD,
Lake_Superior,GLNS15-1337,778934,Lake whitefish,39,29,5410,92,32.74,IL-0.625-1.059-X,IL-0.624-1.057-X,3.33,188.0599,C9H13ClO2,X-0.62-188.060,BD,
Lake_Superior,GLNS15-1337,778934,Lake whitefish,39,29,5410,92,32.74,IL-0.548-1.338-X,IL-0.549-1.323-X,0.62,198.0802,C11H15ClO,X-0.55-198.081,BD,
Lake_Superior,GLNS15-1337,778934,Lake whitefish,39,29,5410,92,32.74,IL-0.710-1.088-X,IL-0.709-1.096-X,14.25,216.0913,C11H17ClO2,X-0.71-216.091,BD,
Lake_Superior,GLNS15-1337,778934,Lake whitefish,39,29,5410,92,32.74,IL-1.141-1.115-X,IL-1.139-1.108-X,0.64,235.0074,C13H9Cl2,X-1.14-235.008,BD,
Lake_Superior,GLNS15-1337,778934,Lake whitefish,39,29,5410,92,32.74,IL-0.802-1.240-X,IL-0.801-1.251-X,0.37,273.9116,C8H6Cl4O2,X-0.80-273.912,BD,
Lake_Superior,GLNS15-1337,778934,Lake whitefish,39,29,5410,92,32.74,IL-1.200-0.993-X,IL-1.200-0.978-X,28.81,280.0485,C14H13ClO4,X-1.20-280.050,BD,
Lake_Superior,GLNS15-1337,778934,Lake whitefish,39,29,5410,92,32.74,IL-1.213-0.976-X,IL-1.217-0.995-X,0.39,280.0485,C14H13ClO4,X-1.22-280.050,BD,
Lake_Superior,GLNS15-1337,778934,Lake whitefish,39,29,5410,92,32.74,IL-0.699-1.289-X,IL-0.699-1.290-X,0.25,341.7876,C7H5Br3O,X-0.70-341.788,BD,
Lake_Superior,GLNS15-1344,778954,Lake whitefish,6,5,677,15,9.42,IL-0.545-1.223-X,IL-0.543-1.239-X,0.08,186.0444,C9H11ClO2,X-0.54-186.044,BD,
Lake_Superior,GLNS15-1344,778954,Lake whitefish,6,5,677,15,9.42,IL-0.626-1.056-X,IL-0.624-1.057-X,0.48,188.0598,C9H13ClO2,X-0.62-188.060,BD,
Lake_Superior,GLNS15-1344,778954,Lake whitefish,6,5,677,15,9.42,IL-1.201-0.994-X,IL-1.200-0.978-X,14.17,280.0492,C14H13ClO4,X-1.20-280.050,BD,
Lake_Superior,GLNS15-2008,779014,Lake whitefish,16,12,5082,14.62,13.73,IL-0.704-0.967-X,IL-0.704-0.955-X,3.65,172.0287,C8H9ClO2,X-0.70-172.029,BD,
Lake_Superior,GLNS15-2008,779014,Lake whitefish,16,12,5082,14.62,13.73,IL-0.636-1.276-X,IL-0.632-1.265-X,1.67,185.0368,C9H10ClO2,X-0.63-185.037,BD,
Lake_Superior,GLNS15-2008,779014,Lake whitefish,16,12,5082,14.62,13.73,IL-0.546-1.255-X,IL-0.543-1.239-X,0.06,186.0447,C9H11ClO2,X-0.54-186.044,BD,
Lake_Superior,GLNS15-2008,779014,Lake whitefish,16,12,5082,14.62,13.73,IL-0.803-1.245-X,IL-0.801-1.251-X,0.25,273.9114,C8H6Cl4O2,X-0.80-273.912,BD,
Lake_Superior,GLNS15-2008,779014,Lake whitefish,16,12,5082,14.62,13.73,IL-1.199-0.985-X,IL-1.200-0.978-X,1.42,280.0504,C14H13ClO4,X-1.20-280.050,BD,
Lake_Superior,GLNS15-2008,779014,Lake whitefish,16,12,5082,14.62,13.73,IL-1.210-0.993-X,IL-1.217-0.995-X,2.19,280.0504,C14H13ClO4,X-1.22-280.050,BD,
Lake_Superior,GLNS15-2008,779014,Lake whitefish,16,12,5082,14.62,13.73,IL-1.195-1.066-X,IL-1.195-1.066-X,0.47,336.059,C17H17ClO3S,X-1.20-336.059,BD,
Lake_Superior,GLNS15-2015,779034,Brown trout,65,48,7363,17.86,50.46,IL-0.704-0.968-X,IL-0.704-0.955-X,4.32,172.0285,C8H9ClO2,X-0.70-172.029,P,
Lake_Superior,GLNS15-2015,779034,Brown trout,65,48,7363,17.86,50.46,IL-0.647-1.039-X,IL-0.643-1.072-X,8.74,172.029,C8H9ClO2,X-0.65-172.029,P,
Lake_Superior,GLNS15-2015,779034,Brown trout,65,48,7363,17.86,50.46,IL-0.636-1.281-X,IL-0.632-1.265-X,0.27,185.0372,C9H10ClO2,X-0.63-185.037,P,
Lake_Superior,GLNS15-2015,779034,Brown trout,65,48,7363,17.86,50.46,IL-1.201-0.990-X,IL-1.200-0.978-X,6.6,280.0496,C14H13ClO4,X-1.20-280.050,P,
Lake_Superior,GLNS15-2015,779034,Brown trout,65,48,7363,17.86,50.46,IL-0.700-1.274-X,IL-0.699-1.290-X,0.15,341.7876,C7H5Br3O,X-0.70-341.788,P,
Lake_Superior,GLNS15-1347,779974,Chinook salmon,17,19,2287,38,28.48,IL-0.705-0.970-X,IL-0.704-0.955-X,10.16,172.0282,C8H9ClO2,X-0.70-172.029,P,
Lake_Superior,GLNS15-1347,779974,Chinook salmon,17,19,2287,38,28.48,IL-0.645-1.038-X,IL-0.643-1.072-X,17.29,172.0286,C8H9ClO2,X-0.65-172.029,P,
Lake_Superior,GLNS15-1347,779974,Chinook salmon,17,19,2287,38,28.48,IL-0.639-1.256-X,IL-0.632-1.265-X,1.46,185.0365,C9H10ClO2,X-0.63-185.037,P,
Lake_Superior,GLNS15-1347,779974,Chinook salmon,17,19,2287,38,28.48,IL-1.201-0.991-X,IL-1.200-0.978-X,3.4,280.0495,C14H13ClO4,X-1.20-280.050,P,
Lake_Superior,GLNS15-2025,780014,Lake whitefish,4,3,6644,32.06,6.04,IL-0.709-0.968-X,IL-0.704-0.955-X,0.4,172.0286,C8H9ClO2,X-0.70-172.029,BD,
Lake_Superior,GLNS15-2025,780014,Lake whitefish,4,3,6644,32.06,6.04,IL-0.647-1.039-X,IL-0.643-1.072-X,6.92,172.0288,C8H9ClO2,X-0.65-172.029,BD,
Lake_Superior,GLNS15-2025,780014,Lake whitefish,4,3,6644,32.06,6.04,IL-0.546-1.227-X,IL-0.543-1.239-X,0.28,186.0443,C9H11ClO2,X-0.54-186.044,BD,
Lake_Superior,GLNS15-2025,780014,Lake whitefish,4,3,6644,32.06,6.04,IL-0.803-1.256-X,IL-0.801-1.251-X,0.34,273.912,C8H6Cl4O2,X-0.80-273.912,BD,
Lake_Superior,GLNS15-2025,780014,Lake whitefish,4,3,6644,32.06,6.04,IL-1.201-0.989-X,IL-1.200-0.978-X,16.9,280.05,C14H13ClO4,X-1.20-280.050,BD,
Lake_Superior,GLNS15-2025,780014,Lake whitefish,4,3,6644,32.06,6.04,IL-1.216-0.976-X,IL-1.217-0.995-X,1.81,280.05,C14H13ClO4,X-1.22-280.050,BD,
Lake_Superior,GLNS15-2025,780014,Lake whitefish,4,3,6644,32.06,6.04,IL-0.702-1.294-X,IL-0.699-1.290-X,0.08,341.7871,C7H5Br3O,X-0.70-341.788,BD,
Lake_Huron,GLNS15-1205,780134,Lake trout,235,233,14718,288,112.32,IL-0.635-1.281-X,IL-0.643-1.072-X,38.09,172.0287,C8H9ClO2,X-0.65-172.029,P,
Lake_Huron,GLNS15-1205,780134,Lake trout,235,233,14718,288,112.32,IL-0.710-1.111-X,IL-0.709-1.096-X,3.43,216.0909,C11H17ClO2,X-0.71-216.091,P,
Lake_Huron,GLNS15-1205,780134,Lake trout,235,233,14718,288,112.32,IL-1.141-1.103-X,IL-1.139-1.108-X,3.82,235.0078,C13H9Cl2,X-1.14-235.008,P,
Lake_Huron,GLNS15-1205,780134,Lake trout,235,233,14718,288,112.32,IL-1.200-0.995-X,IL-1.200-0.978-X,181.42,280.0492,C14H13ClO4,X-1.20-280.050,P,
Lake_Huron,GLNS15-1205,780134,Lake trout,235,233,14718,288,112.32,IL-1.215-1.018-X,IL-1.217-0.995-X,50.65,280.0497,C14H13ClO4,X-1.22-280.050,P,
Lake_Superior,GLNS15-2006,780154,Lake whitefish,,1,7641,6.79,3.32,IL-0.704-0.966-X,IL-0.704-0.955-X,2.84,172.0286,C8H9ClO2,X-0.70-172.029,BD,
Lake_Superior,GLNS15-2006,780154,Lake whitefish,,1,7641,6.79,3.32,IL-1.201-0.988-X,IL-1.200-0.978-X,3.95,280.0504,C14H13ClO4,X-1.20-280.050,BD,
Lake_Michigan,GLNS15-2053,780174,Walleye,69,31,1839,4,49.01,IL-0.646-1.051-X,IL-0.643-1.072-X,0.58,172.0285,C8H9ClO2,X-0.65-172.029,P,
Lake_Michigan,GLNS15-2053,780174,Walleye,69,31,1839,4,49.01,IL-0.707-1.000-X,IL-0.704-0.955-X,0.3,172.029,C8H9ClO2,X-0.70-172.029,P,
Lake_Michigan,GLNS15-2053,780174,Walleye,69,31,1839,4,49.01,IL-0.662-1.070-X,IL-0.651-1.086-X,0.21,186.0445,C9H11ClO2,X-0.66-186.044,P,
Lake_Michigan,GLNS15-2053,780174,Walleye,69,31,1839,4,49.01,IL-1.196-0.995-X,IL-1.200-0.978-X,1.7,280.0496,C14H13ClO4,X-1.20-280.050,P,
Lake_Michigan,GLNS15-2053,780174,Walleye,69,31,1839,4,49.01,IL-1.213-1.012-X,IL-1.217-0.995-X,0.89,280.0497,C14H13ClO4,X-1.22-280.050,P,
Lake_Ontario,GLNS15-2195,780794,Smallmouth bass,380,260,27145,63,283.7,IL-0.645-1.032-X,IL-0.643-1.072-X,6.28,172.0288,C8H9ClO2,X-0.65-172.029,P,
Lake_Ontario,GLNS15-2195,780794,Smallmouth bass,380,260,27145,63,283.7,IL-0.635-1.245-X,IL-0.632-1.265-X,13.1,185.0365,C9H10ClO2,X-0.63-185.037,P,
Lake_Ontario,GLNS15-2195,780794,Smallmouth bass,380,260,27145,63,283.7,IL-0.800-1.215-X,IL-0.801-1.251-X,1.15,273.9116,C8H6Cl4O2,X-0.80-273.912,P,
Lake_Ontario,GLNS15-2195,780794,Smallmouth bass,380,260,27145,63,283.7,IL-0.701-1.263-X,IL-0.699-1.290-X,0.63,341.7876,C7H5Br3O,X-0.70-341.788,P,
Lake_Ontario,GLNS15-1295,780834,Lake trout,375,141,821,171,261.39,IL-0.705-0.971-X,IL-0.704-0.955-X,3.06,172.0289,C8H9ClO2,X-0.70-172.029,P,
Lake_Ontario,GLNS15-1295,780834,Lake trout,375,141,821,171,261.39,IL-0.633-1.273-X,IL-0.632-1.265-X,15.21,185.036,C9H10ClO2,X-0.63-185.037,P,
Lake_Ontario,GLNS15-1295,780834,Lake trout,375,141,821,171,261.39,IL-0.542-1.232-X,IL-0.543-1.239-X,8.09,186.0441,C9H11ClO2,X-0.54-186.044,P,
Lake_Ontario,GLNS15-1295,780834,Lake trout,375,141,821,171,261.39,IL-0.663-1.096-X,IL-0.651-1.086-X,0.09,186.0443,C9H11ClO2,X-0.66-186.044,P,
Lake_Ontario,GLNS15-1295,780834,Lake trout,375,141,821,171,261.39,IL-0.625-1.055-X,IL-0.624-1.057-X,2.88,188.06,C9H13ClO2,X-0.62-188.060,P,
Lake_Ontario,GLNS15-1295,780834,Lake trout,375,141,821,171,261.39,IL-0.862-1.029-X,IL-0.862-1.026-X,0.34,190.0296,C10H7ClN2,X-0.86-190.030,P,
Lake_Ontario,GLNS15-1295,780834,Lake trout,375,141,821,171,261.39,IL-0.511-1.362-X,IL-0.509-1.355-X,0.94,209.9406,C7H5Cl3O,X-0.51-209.941,P,
Lake_Ontario,GLNS15-1295,780834,Lake trout,375,141,821,171,261.39,IL-0.460-1.531-X,IL-0.460-1.525-X,1.76,214.1122,C12H19ClO,X-0.46-214.112,P,
Lake_Ontario,GLNS15-1295,780834,Lake trout,375,141,821,171,261.39,IL-0.708-1.093-X,IL-0.709-1.096-X,12.81,216.091,C11H17ClO2,X-0.71-216.091,P,
Lake_Ontario,GLNS15-1295,780834,Lake trout,375,141,821,171,261.39,IL-0.809-1.036-X,IL-0.809-1.041-X,0.8,235.9229,C7H6BrClO2,X-0.81-235.923,P,
Lake_Ontario,GLNS15-1295,780834,Lake trout,375,141,821,171,261.39,IL-1.108-1.055-X,IL-1.106-1.063-X,0.11,248.0152,C14H10Cl2,X-1.11-248.015,P,
Lake_Ontario,GLNS15-1295,780834,Lake trout,375,141,821,171,261.39,IL-0.801-1.265-X,IL-0.801-1.251-X,0.48,273.9123,C8H6Cl4O2,X-0.80-273.912,P,
Lake_Ontario,GLNS15-1295,780834,Lake trout,375,141,821,171,261.39,IL-1.199-0.998-X,IL-1.200-0.978-X,71.18,280.0502,C14H13ClO4,X-1.20-280.050,P,
Lake_Ontario,GLNS15-1295,780834,Lake trout,375,141,821,171,261.39,IL-1.059-1.160-X,IL-1.057-1.159-X,2.23,336.868,C10H7Cl6,X-1.06-336.867,P,
Lake_Ontario,GLNS15-1295,780834,Lake trout,375,141,821,171,261.39,IL-0.716-1.301-X,IL-0.718-1.295-X,1.58,337.793,C8H5Br3,X-0.72-337.794,P,
Lake_Ontario,GLNS15-1295,780834,Lake trout,375,141,821,171,261.39,IL-0.699-1.315-X,IL-0.699-1.290-X,1.78,341.7888,C7H5Br3O,X-0.70-341.788,P,
Lake_Ontario,GLNS15-1303,780874,Rainbow trout,332,268,3808,27,197.62,IL-0.703-0.973-X,IL-0.704-0.955-X,0.73,172.0286,C8H9ClO2,X-0.70-172.029,P,
Lake_Ontario,GLNS15-1303,780874,Rainbow trout,332,268,3808,27,197.62,IL-0.644-1.033-X,IL-0.643-1.072-X,0.31,172.0288,C8H9ClO2,X-0.65-172.029,P,
Lake_Ontario,GLNS15-1303,780874,Rainbow trout,332,268,3808,27,197.62,IL-0.633-1.258-X,IL-0.632-1.265-X,2.4,185.0365,C9H10ClO2,X-0.63-185.037,P,
Lake_Ontario,GLNS15-1303,780874,Rainbow trout,332,268,3808,27,197.62,IL-0.540-1.245-X,IL-0.543-1.239-X,1.25,186.0438,C9H11ClO2,X-0.54-186.044,P,
Lake_Ontario,GLNS15-1303,780874,Rainbow trout,332,268,3808,27,197.62,IL-0.623-1.050-X,IL-0.624-1.057-X,0.8,188.0598,C9H13ClO2,X-0.62-188.060,P,
Lake_Ontario,GLNS15-1303,780874,Rainbow trout,332,268,3808,27,197.62,IL-0.809-1.036-X,IL-0.809-1.041-X,0.59,235.923,C7H6BrClO2,X-0.81-235.923,P,
Lake_Ontario,GLNS15-1303,780874,Rainbow trout,332,268,3808,27,197.62,IL-0.799-1.214-X,IL-0.801-1.251-X,1.22,273.9116,C8H6Cl4O2,X-0.80-273.912,P,
Lake_Ontario,GLNS15-1303,780874,Rainbow trout,332,268,3808,27,197.62,IL-1.199-1.000-X,IL-1.200-0.978-X,6.29,280.0499,C14H13ClO4,X-1.20-280.050,P,
Lake_Ontario,GLNS15-1303,780874,Rainbow trout,332,268,3808,27,197.62,IL-0.699-1.265-X,IL-0.699-1.290-X,0.79,341.7858,C7H5Br3O,X-0.70-341.788,P,
Lake_Ontario,GLNS15-1302,780894,Rainbow trout,552,283,1455,99,242.07,IL-0.641-1.279-X,IL-0.641-1.293-X,7.35,131.0259,C6H8ClO,X-0.64-131.026,P,
Lake_Ontario,GLNS15-1302,780894,Rainbow trout,552,283,1455,99,242.07,IL-0.648-1.019-X,IL-0.643-1.072-X,0.25,172.0288,C8H9ClO2,X-0.65-172.029,P,
Lake_Ontario,GLNS15-1302,780894,Rainbow trout,552,283,1455,99,242.07,IL-0.705-0.957-X,IL-0.704-0.955-X,2.05,172.0288,C8H9ClO2,X-0.70-172.029,P,
Lake_Ontario,GLNS15-1302,780894,Rainbow trout,552,283,1455,99,242.07,IL-0.635-1.249-X,IL-0.632-1.265-X,6.7,185.0365,C9H10ClO2,X-0.63-185.037,P,
Lake_Ontario,GLNS15-1302,780894,Rainbow trout,552,283,1455,99,242.07,IL-0.541-1.220-X,IL-0.543-1.239-X,2.56,186.0443,C9H11ClO2,X-0.54-186.044,P,
Lake_Ontario,GLNS15-1302,780894,Rainbow trout,552,283,1455,99,242.07,IL-0.626-1.038-X,IL-0.624-1.057-X,2.16,188.0598,C9H13ClO2,X-0.62-188.060,P,
Lake_Ontario,GLNS15-1302,780894,Rainbow trout,552,283,1455,99,242.07,IL-0.864-1.017-X,IL-0.862-1.026-X,1.1,190.0296,C10H7ClN2,X-0.86-190.030,P,
Lake_Ontario,GLNS15-1302,780894,Rainbow trout,552,283,1455,99,242.07,IL-0.709-1.087-X,IL-0.709-1.096-X,8.01,216.0913,C11H17ClO2,X-0.71-216.091,P,
Lake_Ontario,GLNS15-1302,780894,Rainbow trout,552,283,1455,99,242.07,IL-0.945-1.053-X,IL-0.944-1.059-X,1.43,223.9902,C10H6Cl2N2,X-0.94-223.991,P,
Lake_Ontario,GLNS15-1302,780894,Rainbow trout,552,283,1455,99,242.07,IL-1.108-1.064-X,IL-1.106-1.063-X,0.58,248.0152,C14H10Cl2,X-1.11-248.015,P,
Lake_Ontario,GLNS15-1302,780894,Rainbow trout,552,283,1455,99,242.07,IL-0.800-1.227-X,IL-0.801-1.251-X,1,273.9114,C8H6Cl4O2,X-0.80-273.912,P,
Lake_Ontario,GLNS15-1302,780894,Rainbow trout,552,283,1455,99,242.07,IL-1.217-0.986-X,IL-1.217-0.995-X,1.26,280.0495,C14H13ClO4,X-1.22-280.050,P,
Lake_Ontario,GLNS15-1302,780894,Rainbow trout,552,283,1455,99,242.07,IL-1.200-0.986-X,IL-1.200-0.978-X,13.27,280.0499,C14H13ClO4,X-1.20-280.050,P,
Lake_Ontario,GLNS15-1302,780894,Rainbow trout,552,283,1455,99,242.07,IL-0.720-1.265-X,IL-0.718-1.295-X,0.13,337.7924,C8H5Br3,X-0.72-337.794,P,
Lake_Ontario,GLNS15-1302,780894,Rainbow trout,552,283,1455,99,242.07,IL-0.698-1.263-X,IL-0.699-1.290-X,0.25,341.7893,C7H5Br3O,X-0.70-341.788,P,
Lake_Ontario,GLNS15-1302,780894,Rainbow trout,552,283,1455,99,242.07,IL-0.900-1.426-X,IL-0.899-1.450-X,0.27,384.806,C10H4Cl7O,X-0.90-384.806,P,
Lake_Ontario,GLNS15-2190,780954,Lake trout,173,140,951,36,644.71,IL-0.542-1.255-X,IL-0.543-1.239-X,0.67,186.0441,C9H11ClO2,X-0.54-186.044,P,
Lake_Ontario,GLNS15-2190,780954,Lake trout,173,140,951,36,644.71,IL-0.623-1.044-X,IL-0.624-1.057-X,0.22,188.0598,C9H13ClO2,X-0.62-188.060,P,
Lake_Ontario,GLNS15-2190,780954,Lake trout,173,140,951,36,644.71,IL-0.864-1.034-X,IL-0.862-1.026-X,0.54,190.0292,C10H7ClN2,X-0.86-190.030,P,
Lake_Ontario,GLNS15-2190,780954,Lake trout,173,140,951,36,644.71,IL-0.706-1.096-X,IL-0.709-1.096-X,2.81,216.0913,C11H17ClO2,X-0.71-216.091,P,
Lake_Ontario,GLNS15-2190,780954,Lake trout,173,140,951,36,644.71,IL-1.198-1.003-X,IL-1.200-0.978-X,7.33,280.0474,C14H13ClO4,X-1.20-280.050,P,
Lake_Ontario,GLNS15-2190,780954,Lake trout,173,140,951,36,644.71,IL-1.215-1.022-X,IL-1.217-0.995-X,4.05,280.0495,C14H13ClO4,X-1.22-280.050,P,
Lake_Ontario,GLNS15-2190,780954,Lake trout,173,140,951,36,644.71,IL-0.743-1.505-X,IL-0.699-1.290-X,0.8,341.7881,C7H5Br3O,X-0.70-341.788,P,
Lake_Ontario,GLNS15-2186,780974,Lake trout,1025,668,4365,143,481.47,IL-0.633-1.267-X,IL-0.632-1.265-X,19.52,185.0365,C9H10ClO2,X-0.63-185.037,P,
Lake_Ontario,GLNS15-2186,780974,Lake trout,1025,668,4365,143,481.47,IL-0.541-1.248-X,IL-0.543-1.239-X,4.91,186.0443,C9H11ClO2,X-0.54-186.044,P,
Lake_Ontario,GLNS15-2186,780974,Lake trout,1025,668,4365,143,481.47,IL-0.624-1.044-X,IL-0.624-1.057-X,9.99,188.0598,C9H13ClO2,X-0.62-188.060,P,
Lake_Ontario,GLNS15-2186,780974,Lake trout,1025,668,4365,143,481.47,IL-0.862-1.027-X,IL-0.862-1.026-X,7.28,190.0284,C10H7ClN2,X-0.86-190.030,P,
Lake_Ontario,GLNS15-2186,780974,Lake trout,1025,668,4365,143,481.47,IL-0.809-1.036-X,IL-0.809-1.041-X,1.81,235.923,C7H6BrClO2,X-0.81-235.923,P,
Lake_Ontario,GLNS15-2186,780974,Lake trout,1025,668,4365,143,481.47,IL-0.800-1.246-X,IL-0.801-1.251-X,7.15,273.9099,C8H6Cl4O2,X-0.80-273.912,P,
Lake_Ontario,GLNS15-2186,780974,Lake trout,1025,668,4365,143,481.47,IL-1.200-1.000-X,IL-1.200-0.978-X,40.13,280.0499,C14H13ClO4,X-1.20-280.050,P,
Lake_Ontario,GLNS15-2186,780974,Lake trout,1025,668,4365,143,481.47,IL-1.225-1.472-X,IL-1.226-1.476-X,1.39,358.743,Unknown G-C7H3Br3Cl,X-1.23-358.746,P,
Lake_Ontario,GLNS15-2192,780994,Smallmouth bass,42,14,2094,6,22.92,IL-0.645-1.042-X,IL-0.643-1.072-X,0.79,172.0288,C8H9ClO2,X-0.65-172.029,P,
Lake_Ontario,GLNS15-2192,780994,Smallmouth bass,42,14,2094,6,22.92,IL-0.702-0.967-X,IL-0.704-0.955-X,1.91,172.029,C8H9ClO2,X-0.70-172.029,P,
Lake_Ontario,GLNS15-2192,780994,Smallmouth bass,42,14,2094,6,22.92,IL-0.943-1.064-X,IL-0.944-1.059-X,0.21,223.9907,C10H6Cl2N2,X-0.94-223.991,P,
Lake_Ontario,GLNS15-2192,780994,Smallmouth bass,42,14,2094,6,22.92,IL-1.496-1.033-X,IL-1.498-1.047-X,0.12,234.996,C12H7Cl2N,X-1.50-234.995,P,
Lake_Ontario,GLNS15-2192,780994,Smallmouth bass,42,14,2094,6,22.92,IL-0.811-1.026-X,IL-0.809-1.041-X,0.1,235.923,C7H6BrClO2,X-0.81-235.923,P,
Lake_Ontario,GLNS15-2192,780994,Smallmouth bass,42,14,2094,6,22.92,IL-0.800-1.264-X,IL-0.801-1.251-X,0.07,273.9116,C8H6Cl4O2,X-0.80-273.912,P,
Lake_Ontario,GLNS15-2192,780994,Smallmouth bass,42,14,2094,6,22.92,IL-1.198-0.997-X,IL-1.200-0.978-X,1.45,280.0499,C14H13ClO4,X-1.20-280.050,P,
Lake_Ontario,GLNS15-2192,780994,Smallmouth bass,42,14,2094,6,22.92,IL-0.700-1.287-X,IL-0.699-1.290-X,0.07,341.7876,C7H5Br3O,X-0.70-341.788,P,
Lake_Ontario,GLNS15-1298,793014,Rainbow trout,813,379,2386,92,334.99,IL-0.640-1.290-X,IL-0.641-1.293-X,5.58,131.0259,C6H8ClO,X-0.64-131.026,P,
Lake_Ontario,GLNS15-1298,793014,Rainbow trout,813,379,2386,92,334.99,IL-0.633-1.258-X,IL-0.632-1.265-X,10.88,185.0365,C9H10ClO2,X-0.63-185.037,P,
Lake_Ontario,GLNS15-1298,793014,Rainbow trout,813,379,2386,92,334.99,IL-0.540-1.231-X,IL-0.543-1.239-X,6.24,186.0442,C9H11ClO2,X-0.54-186.044,P,
Lake_Ontario,GLNS15-1298,793014,Rainbow trout,813,379,2386,92,334.99,IL-0.623-1.051-X,IL-0.624-1.057-X,7.3,188.0598,C9H13ClO2,X-0.62-188.060,P,
Lake_Ontario,GLNS15-1298,793014,Rainbow trout,813,379,2386,92,334.99,IL-0.862-1.021-X,IL-0.862-1.026-X,0.83,190.0296,C10H7ClN2,X-0.86-190.030,P,
Lake_Ontario,GLNS15-1298,793014,Rainbow trout,813,379,2386,92,334.99,IL-0.708-1.083-X,IL-0.709-1.096-X,5.37,216.0913,C11H17ClO2,X-0.71-216.091,P,
Lake_Ontario,GLNS15-1298,793014,Rainbow trout,813,379,2386,92,334.99,IL-0.943-1.051-X,IL-0.944-1.059-X,1.2,223.9909,C10H6Cl2N2,X-0.94-223.991,P,
Lake_Ontario,GLNS15-1298,793014,Rainbow trout,813,379,2386,92,334.99,IL-0.807-1.036-X,IL-0.809-1.041-X,0.32,235.923,C7H6BrClO2,X-0.81-235.923,P,
Lake_Ontario,GLNS15-1298,793014,Rainbow trout,813,379,2386,92,334.99,IL-1.106-1.063-X,IL-1.106-1.063-X,0.88,248.0166,C14H10Cl2,X-1.11-248.015,P,
Lake_Ontario,GLNS15-1298,793014,Rainbow trout,813,379,2386,92,334.99,IL-0.799-1.217-X,IL-0.801-1.251-X,0.11,273.9116,C8H6Cl4O2,X-0.80-273.912,P,
Lake_Ontario,GLNS15-1298,793014,Rainbow trout,813,379,2386,92,334.99,IL-1.197-0.993-X,IL-1.200-0.978-X,15.76,280.0508,C14H13ClO4,X-1.20-280.050,P,
Lake_Ontario,GLNS15-1298,793014,Rainbow trout,813,379,2386,92,334.99,IL-0.697-1.294-X,IL-0.699-1.290-X,0.49,341.7889,C7H5Br3O,X-0.70-341.788,P,
Lake_Ontario,GLNS15-1298,793014,Rainbow trout,813,379,2386,92,334.99,IL-0.898-1.461-X,IL-0.899-1.450-X,0.13,384.806,C10H4Cl7O,X-0.90-384.806,P,
Lake_Erie,GLNS15-1158,793314,Walleye,89,33,3512,38,45.09,IL-0.708-0.810-X,IL-0.704-0.955-X,20.07,172.0285,C8H9ClO2,X-0.70-172.029,P,
Lake_Erie,GLNS15-1158,793314,Walleye,89,33,3512,38,45.09,IL-1.203-0.841-X,IL-1.200-0.978-X,16.82,280.0508,C14H13ClO4,X-1.20-280.050,P,
Lake_Erie,GLNS15-1158,793314,Walleye,89,33,3512,38,45.09,IL-1.213-0.887-X,IL-1.195-1.066-X,0.5,336.061,C17H17ClO3S,X-1.20-336.059,P,
Lake_Erie,GLNS15-1154,793374,Smallmouth bass,129,36,3335,53,118.59,IL-0.648-0.876-X,IL-0.643-1.072-X,12.71,172.0284,C8H9ClO2,X-0.65-172.029,P,
Lake_Erie,GLNS15-1154,793374,Smallmouth bass,129,36,3335,53,118.59,IL-1.218-0.858-X,IL-1.217-0.995-X,7.97,280.0504,C14H13ClO4,X-1.22-280.050,P,
Lake_Erie,GLNS15-1154,793374,Smallmouth bass,129,36,3335,53,118.59,IL-1.203-0.843-X,IL-1.200-0.978-X,21.9,280.0505,C14H13ClO4,X-1.20-280.050,P,
Lake_Erie,GLNS15-1154,793374,Smallmouth bass,129,36,3335,53,118.59,IL-1.188-0.905-X,IL-1.195-1.066-X,8.87,336.0585,C17H17ClO3S,X-1.20-336.059,P,
Lake_Erie,GLNS15-2152,793414,Smallmouth bass,51,8,37472,2,157.72,IL-0.635-1.062-X,IL-0.643-1.072-X,2.5,172.0286,C8H9ClO2,X-0.65-172.029,P,
Lake_Erie,GLNS15-1155,793434,Smallmouth bass,496,199,3585,19,251.08,IL-1.220-0.856-X,IL-1.217-0.995-X,1.9,280.0502,C14H13ClO4,X-1.22-280.050,P,
Lake_Huron,GLNS15-1203,794414,Walleye,723,273,10351,65,34.48,IL-0.701-0.981-X,IL-0.704-0.955-X,31.24,172.0287,C8H9ClO2,X-0.70-172.029,P,
Lake_Huron,GLNS15-1203,794414,Walleye,723,273,10351,65,34.48,IL-1.141-1.098-X,IL-1.139-1.108-X,14.25,235.0074,C13H9Cl2,X-1.14-235.008,P,
Lake_Huron,GLNS15-1203,794414,Walleye,723,273,10351,65,34.48,IL-0.806-1.270-X,IL-0.801-1.251-X,1.4,273.9104,C8H6Cl4O2,X-0.80-273.912,P,
Lake_Huron,GLNS15-2098,794434,Lake whitefish,4,7,8767,1,28.05,IL-0.703-0.979-X,IL-0.704-0.955-X,1.14,172.0288,C8H9ClO2,X-0.70-172.029,BD,
Lake_Michigan,GLNS15-2052,794494,Walleye,260,55,3622,28,101.58,IL-0.646-1.051-X,IL-0.643-1.072-X,3.46,172.0283,C8H9ClO2,X-0.65-172.029,P,
Lake_Michigan,GLNS15-2052,794494,Walleye,260,55,3622,28,101.58,IL-0.705-0.985-X,IL-0.704-0.955-X,1.32,172.0286,C8H9ClO2,X-0.70-172.029,P,
Lake_Michigan,GLNS15-2052,794494,Walleye,260,55,3622,28,101.58,IL-0.629-1.300-X,IL-0.632-1.265-X,2.22,185.0365,C9H10ClO2,X-0.63-185.037,P,
Lake_Michigan,GLNS15-2052,794494,Walleye,260,55,3622,28,101.58,IL-0.662-1.089-X,IL-0.651-1.086-X,0.68,186.0445,C9H11ClO2,X-0.66-186.044,P,
Lake_Michigan,GLNS15-2052,794494,Walleye,260,55,3622,28,101.58,IL-1.196-0.992-X,IL-1.200-0.978-X,9.59,280.0502,C14H13ClO4,X-1.20-280.050,P,
Lake_Michigan,GLNS15-2052,794494,Walleye,260,55,3622,28,101.58,IL-1.213-1.015-X,IL-1.217-0.995-X,2.35,280.0504,C14H13ClO4,X-1.22-280.050,P,
Lake_Michigan,GLNS15-2052,794494,Walleye,260,55,3622,28,101.58,IL-0.694-1.331-X,IL-0.699-1.290-X,0.92,341.787,C7H5Br3O,X-0.70-341.788,P,
Lake_Michigan,GLNS15-1250,794774,Chinook salmon,304,315,805,6,265.14,IL-0.701-0.978-X,IL-0.704-0.955-X,3,172.0281,C8H9ClO2,X-0.70-172.029,P,
Lake_Michigan,GLNS15-1250,794774,Chinook salmon,304,315,805,6,265.14,IL-1.200-0.990-X,IL-1.200-0.978-X,2.8,280.046,C14H13ClO4,X-1.20-280.050,P,
Lake_Superior,GLNS15-2011,794934,Longnose sucker,73,112,2222,18,32.57,IL-0.642-1.067-X,IL-0.643-1.072-X,0.24,172.0288,C8H9ClO2,X-0.65-172.029,BD,
Lake_Superior,GLNS15-2011,794934,Longnose sucker,73,112,2222,18,32.57,IL-1.143-0.930-X,IL-1.144-1.021-X,11.8,235.0078,C13H9Cl2,X-1.14-235.008,BD,
Lake_Superior,GLNS15-2011,794934,Longnose sucker,73,112,2222,18,32.57,IL-1.203-0.846-X,IL-1.200-0.978-X,1.88,280.05,C14H13ClO4,X-1.20-280.050,BD,
Lake_Superior,GLNS15-2007,794954,Longnose sucker,12,12,8286,13.03,18.35,IL-0.704-0.967-X,IL-0.704-0.955-X,3.81,172.0286,C8H9ClO2,X-0.70-172.029,BD,
Lake_Superior,GLNS15-2007,794954,Longnose sucker,12,12,8286,13.03,18.35,IL-1.201-0.988-X,IL-1.200-0.978-X,3.21,280.05,C14H13ClO4,X-1.20-280.050,BD,
Lake_Superior,GLNS15-2007,794954,Longnose sucker,12,12,8286,13.03,18.35,IL-1.218-1.007-X,IL-1.217-0.995-X,2.3,280.0501,C14H13ClO4,X-1.22-280.050,BD,
Lake_Superior,GLNS15-1339,794974,Longnose sucker,15,13,2257,14,21.61,IL-0.644-1.042-X,IL-0.643-1.072-X,1.07,172.0285,C8H9ClO2,X-0.65-172.029,BD,
Lake_Superior,GLNS15-1339,794974,Longnose sucker,15,13,2257,14,21.61,IL-0.704-0.970-X,IL-0.704-0.955-X,2.72,172.0288,C8H9ClO2,X-0.70-172.029,BD,
Lake_Superior,GLNS15-1339,794974,Longnose sucker,15,13,2257,14,21.61,IL-0.802-1.267-X,IL-0.801-1.251-X,0.07,273.9117,C8H6Cl4O2,X-0.80-273.912,BD,
Lake_Superior,GLNS15-1339,794974,Longnose sucker,15,13,2257,14,21.61,IL-1.198-0.995-X,IL-1.200-0.978-X,4.2,280.0499,C14H13ClO4,X-1.20-280.050,BD,
Lake_Michigan,GLNS15-1253,795114,Freshwater drum,190,117,2483,79,176.27,IL-0.635-1.253-X,IL-0.643-1.072-X,1.86,172.0286,C8H9ClO2,X-0.65-172.029,P,
Lake_Michigan,GLNS15-1253,795114,Freshwater drum,190,117,2483,79,176.27,IL-0.541-1.228-X,IL-0.543-1.239-X,0.34,186.0438,C9H11ClO2,X-0.54-186.044,P,
Lake_Michigan,GLNS15-1253,795114,Freshwater drum,190,117,2483,79,176.27,IL-0.658-1.078-X,IL-0.651-1.086-X,1.83,186.0444,C9H11ClO2,X-0.66-186.044,P,
Lake_Michigan,GLNS15-1253,795114,Freshwater drum,190,117,2483,79,176.27,IL-1.197-0.989-X,IL-1.200-0.978-X,50.76,280.0503,C14H13ClO4,X-1.20-280.050,P,
Lake_Michigan,GLNS15-1253,795114,Freshwater drum,190,117,2483,79,176.27,IL-1.217-1.005-X,IL-1.217-0.995-X,7.25,280.0503,C14H13ClO4,X-1.22-280.050,P,
Lake_Michigan,GLNS15-1253,795114,Freshwater drum,190,117,2483,79,176.27,IL-1.025-1.139-X,IL-1.028-1.146-X,0.63,301.9672,C13H9Cl3O2,X-1.03-301.967,P,
Lake_Michigan,GLNS15-1246,795174,Coho salmon,61,95,2929,5,55.38,IL-0.704-0.976-X,IL-0.704-0.955-X,1.96,172.0286,C8H9ClO2,X-0.70-172.029,P,
Lake_Michigan,GLNS15-1252,795214,Yellow perch,1,12,4959,1,8.52,IL-0.701-0.973-X,IL-0.704-0.955-X,0.9,172.0288,C8H9ClO2,X-0.70-172.029,P,
Lake_Michigan,GLNS15-2050,795234,Lake trout,2335,1570,10261,109,369.42,IL-0.637-1.265-X,IL-0.632-1.265-X,5.18,185.0365,C9H10ClO2,X-0.63-185.037,P,
Lake_Michigan,GLNS15-2050,795234,Lake trout,2335,1570,10261,109,369.42,IL-0.716-1.066-X,IL-0.709-1.096-X,7.46,216.0913,C11H17ClO2,X-0.71-216.091,P,
Lake_Michigan,GLNS15-2050,795234,Lake trout,2335,1570,10261,109,369.42,IL-0.820-1.005-X,IL-0.809-1.041-X,0.57,235.923,C7H6BrClO2,X-0.81-235.923,P,
Lake_Michigan,GLNS15-2050,795234,Lake trout,2335,1570,10261,109,369.42,IL-0.810-1.228-X,IL-0.801-1.251-X,0.89,273.9113,C8H6Cl4O2,X-0.80-273.912,P,
Lake_Michigan,GLNS15-2050,795234,Lake trout,2335,1570,10261,109,369.42,IL-1.205-0.978-X,IL-1.200-0.978-X,53.72,280.0499,C14H13ClO4,X-1.20-280.050,P,
Lake_Michigan,GLNS15-2050,795234,Lake trout,2335,1570,10261,109,369.42,IL-1.058-1.144-X,IL-1.057-1.159-X,0.84,336.8674,C10H7Cl6,X-1.06-336.867,P,
Lake_Michigan,GLNS15-2050,795234,Lake trout,2335,1570,10261,109,369.42,IL-0.904-1.452-X,IL-0.899-1.450-X,0.06,384.806,C10H4Cl7O,X-0.90-384.806,P,
Lake_Superior,GLNS15-1335,795294,Lake trout,73,723,5154,79,46.26,IL-0.706-0.825-X,IL-0.704-0.955-X,7.8,172.0285,C8H9ClO2,X-0.70-172.029,P,
Lake_Superior,GLNS15-1335,795294,Lake trout,73,723,5154,79,46.26,IL-0.633-1.072-X,IL-0.643-1.072-X,5.17,172.0286,C8H9ClO2,X-0.65-172.029,P,
Lake_Superior,GLNS15-1335,795294,Lake trout,73,723,5154,79,46.26,IL-1.141-0.938-X,IL-1.139-1.108-X,1.66,235.008,C13H9Cl2,X-1.14-235.008,P,
Lake_Superior,GLNS15-1335,795294,Lake trout,73,723,5154,79,46.26,IL-1.205-0.848-X,IL-1.200-0.978-X,19.79,280.0502,C14H13ClO4,X-1.20-280.050,P,
Lake_Superior,GLNS15-1345,795334,Longnose sucker,32,42,7613,47,32.54,IL-0.704-0.972-X,IL-0.704-0.955-X,8.23,172.0282,C8H9ClO2,X-0.70-172.029,BD,
Lake_Superior,GLNS15-1345,795334,Longnose sucker,32,42,7613,47,32.54,IL-0.637-1.263-X,IL-0.632-1.265-X,0.73,185.0365,C9H10ClO2,X-0.63-185.037,BD,
Lake_Superior,GLNS15-1345,795334,Longnose sucker,32,42,7613,47,32.54,IL-0.802-1.240-X,IL-0.801-1.251-X,0.23,273.9112,C8H6Cl4O2,X-0.80-273.912,BD,
Lake_Superior,GLNS15-1345,795334,Longnose sucker,32,42,7613,47,32.54,IL-1.198-0.997-X,IL-1.200-0.978-X,26.88,280.0499,C14H13ClO4,X-1.20-280.050,BD,
Lake_Huron,GLNS15-2101,795394,Walleye,116,91,2749,11,133.11,IL-0.705-0.971-X,IL-0.704-0.955-X,4.5,172.0285,C8H9ClO2,X-0.70-172.029,P,
Lake_Huron,GLNS15-1211,795494,Freshwater drum,157,21,8770,357,81.58,IL-0.642-1.261-X,IL-0.643-1.072-X,2.25,172.028,C8H9ClO2,X-0.65-172.029,P,
Lake_Huron,GLNS15-1211,795494,Freshwater drum,157,21,8770,357,81.58,IL-0.663-1.085-X,IL-0.651-1.086-X,7.2,186.044,C9H11ClO2,X-0.66-186.044,P,
Lake_Huron,GLNS15-1211,795494,Freshwater drum,157,21,8770,357,81.58,IL-1.136-1.111-X,IL-1.139-1.108-X,8.17,235.0059,C13H9Cl2,X-1.14-235.008,P,
Lake_Huron,GLNS15-1211,795494,Freshwater drum,157,21,8770,357,81.58,IL-1.145-1.111-X,IL-1.144-1.021-X,2.41,235.0061,C13H9Cl2,X-1.14-235.008,P,
Lake_Huron,GLNS15-1211,795494,Freshwater drum,157,21,8770,357,81.58,IL-0.802-1.278-X,IL-0.801-1.251-X,0.57,273.9104,C8H6Cl4O2,X-0.80-273.912,P,
Lake_Huron,GLNS15-1211,795494,Freshwater drum,157,21,8770,357,81.58,IL-1.218-1.018-X,IL-1.217-0.995-X,113.27,280.05,C14H13ClO4,X-1.22-280.050,P,
Lake_Huron,GLNS15-1211,795494,Freshwater drum,157,21,8770,357,81.58,IL-1.200-0.998-X,IL-1.200-0.978-X,220.92,280.0503,C14H13ClO4,X-1.20-280.050,P,
Lake_Huron,GLNS15-2103,795554,Freshwater drum,32,11,2611,29,31.89,IL-0.648-1.031-X,IL-0.643-1.072-X,1.02,172.0295,C8H9ClO2,X-0.65-172.029,P,
Lake_Huron,GLNS15-2103,795554,Freshwater drum,32,11,2611,29,31.89,IL-1.197-0.983-X,IL-1.200-0.978-X,28.05,280.0498,C14H13ClO4,X-1.20-280.050,P,
Lake_Michigan,GLNS15-2061,795674,Yellow perch,22,11,1085,21,22.38,IL-0.696-0.894-X,IL-0.704-0.955-X,0.2,172.0288,C8H9ClO2,X-0.70-172.029,P,
Lake_Michigan,GLNS15-2061,795674,Yellow perch,22,11,1085,21,22.38,IL-0.660-0.989-X,IL-0.651-1.086-X,0.3,186.0443,C9H11ClO2,X-0.66-186.044,P,
Lake_Michigan,GLNS15-2061,795674,Yellow perch,22,11,1085,21,22.38,IL-1.136-1.097-X,IL-1.139-1.108-X,0.56,235.0077,C13H9Cl2,X-1.14-235.008,P,
Lake_Michigan,GLNS15-2061,795674,Yellow perch,22,11,1085,21,22.38,IL-1.197-0.992-X,IL-1.200-0.978-X,17.97,280.05,C14H13ClO4,X-1.20-280.050,P,
Lake_Michigan,GLNS15-2061,795674,Yellow perch,22,11,1085,21,22.38,IL-1.217-1.022-X,IL-1.217-0.995-X,1.48,280.0502,C14H13ClO4,X-1.22-280.050,P,
Lake_Ontario,GLNS15-2200,795714,Northern pike,50,18,6749,5,52.49,IL-0.703-0.971-X,IL-0.703-0.971-X,0.67,172.0286,C8H9ClO2,X-0.70-172.029,P,
Lake_Ontario,GLNS15-2200,795714,Northern pike,50,18,6749,5,52.49,IL-0.645-1.033-X,IL-0.632-1.265-X,2.09,172.0288,C8H9ClO2,X-0.65-172.029,P,
Lake_Ontario,GLNS15-2200,795714,Northern pike,50,18,6749,5,52.49,IL-1.201-0.989-X,IL-1.200-0.978-X,2.06,280.0498,C14H13ClO4,X-1.20-280.050,P,
Lake_Ontario,GLNS15-2196,795734,Smallmouth bass,365,120,1708,10,221.43,IL-0.702-0.976-X,IL-0.704-0.955-X,1.85,172.029,C8H9ClO2,X-0.70-172.029,P,
Lake_Ontario,GLNS15-2196,795734,Smallmouth bass,365,120,1708,10,221.43,IL-0.632-1.287-X,IL-0.632-1.265-X,0.4,185.0365,C9H10ClO2,X-0.63-185.037,P,
Lake_Ontario,GLNS15-2196,795734,Smallmouth bass,365,120,1708,10,221.43,IL-0.864-1.032-X,IL-0.862-1.026-X,0.14,190.0296,C10H7ClN2,X-0.86-190.030,P,
Lake_Ontario,GLNS15-2196,795734,Smallmouth bass,365,120,1708,10,221.43,IL-0.943-1.062-X,IL-0.944-1.059-X,0.15,223.9907,C10H6Cl2N2,X-0.94-223.991,P,
Lake_Ontario,GLNS15-2196,795734,Smallmouth bass,365,120,1708,10,221.43,IL-1.496-1.035-X,IL-1.498-1.047-X,0.22,234.9947,C12H7Cl2N,X-1.50-234.995,P,
Lake_Ontario,GLNS15-2196,795734,Smallmouth bass,365,120,1708,10,221.43,IL-0.813-1.025-X,IL-0.809-1.041-X,0.12,235.923,C7H6BrClO2,X-0.81-235.923,P,
Lake_Ontario,GLNS15-2196,795734,Smallmouth bass,365,120,1708,10,221.43,IL-0.800-1.264-X,IL-0.801-1.251-X,0.1,273.9116,C8H6Cl4O2,X-0.80-273.912,P,
Lake_Ontario,GLNS15-2196,795734,Smallmouth bass,365,120,1708,10,221.43,IL-1.198-0.999-X,IL-1.200-0.978-X,1.15,280.0499,C14H13ClO4,X-1.20-280.050,P,
Lake_Ontario,GLNS15-2196,795734,Smallmouth bass,365,120,1708,10,221.43,IL-0.700-1.292-X,IL-0.699-1.290-X,0.1,341.7876,C7H5Br3O,X-0.70-341.788,P,
Lake_Ontario,GLNS15-2196,795734,Smallmouth bass,365,120,1708,10,221.43,IL-1.226-1.537-X,IL-1.226-1.476-X,0.47,358.7429,Unknown G-C7H3Br3Cl,X-1.23-358.746,P,
Lake_Ontario,GLNS15-1301,795774,Smallmouth bass,244,98,7802,15,160.34,IL-0.703-0.962-X,IL-0.704-0.955-X,14.4,172.0286,C8H9ClO2,X-0.70-172.029,P,
Lake_Huron,GLNS15-1197,795814,White perch,408,101,4104,30,431.62,IL-1.197-0.990-X,IL-1.200-0.978-X,4.7,280.0504,C14H13ClO4,X-1.20-280.050,P,
Lake_Huron,GLNS15-1201,795834,Freshwater drum,43,12,12099,24,113.82,IL-0.633-1.286-X,IL-0.643-1.072-X,1.72,172.0284,C8H9ClO2,X-0.65-172.029,P,
Lake_Huron,GLNS15-1201,795834,Freshwater drum,43,12,12099,24,113.82,IL-0.701-0.975-X,IL-0.704-0.955-X,1.91,172.0286,C8H9ClO2,X-0.70-172.029,P,
Lake_Huron,GLNS15-1201,795834,Freshwater drum,43,12,12099,24,113.82,IL-1.198-0.992-X,IL-1.200-0.978-X,21.11,280.0495,C14H13ClO4,X-1.20-280.050,P,
Lake_Erie,GLNS15-1164,795874,White bass,719,147,12598,79,576.67,IL-1.200-0.843-X,IL-1.200-0.978-X,69.1,280.0505,C14H13ClO4,X-1.20-280.050,P,
Lake_Ontario,GLNS15-1290,805514,Rainbow trout,188,87,1845,72,175.83,IL-0.704-0.978-X,IL-0.704-0.955-X,1.52,172.0286,C8H9ClO2,X-0.70-172.029,P,
Lake_Ontario,GLNS15-1290,805514,Rainbow trout,188,87,1845,72,175.83,IL-0.630-1.287-X,IL-0.632-1.265-X,3.25,185.0365,C9H10ClO2,X-0.63-185.037,P,
Lake_Ontario,GLNS15-1290,805514,Rainbow trout,188,87,1845,72,175.83,IL-0.541-1.244-X,IL-0.543-1.239-X,11.1,186.0425,C9H11ClO2,X-0.54-186.044,P,
Lake_Ontario,GLNS15-1290,805514,Rainbow trout,188,87,1845,72,175.83,IL-0.624-1.059-X,IL-0.624-1.057-X,7.3,188.0598,C9H13ClO2,X-0.62-188.060,P,
Lake_Ontario,GLNS15-1290,805514,Rainbow trout,188,87,1845,72,175.83,IL-0.459-1.536-X,IL-0.460-1.525-X,4.02,214.1122,C12H19ClO,X-0.46-214.112,P,
Lake_Ontario,GLNS15-1290,805514,Rainbow trout,188,87,1845,72,175.83,IL-0.808-1.031-X,IL-0.809-1.041-X,1.07,235.923,C7H6BrClO2,X-0.81-235.923,P,
Lake_Ontario,GLNS15-1290,805514,Rainbow trout,188,87,1845,72,175.83,IL-1.013-1.281-X,IL-0.979-1.253-X,0.33,246.0002,C14H8Cl2,X-0.98-246.000,P,DDE!
Lake_Ontario,GLNS15-1290,805514,Rainbow trout,188,87,1845,72,175.83,IL-0.799-1.251-X,IL-0.801-1.251-X,0.44,273.9114,C8H6Cl4O2,X-0.80-273.912,P,
Lake_Ontario,GLNS15-1290,805514,Rainbow trout,188,87,1845,72,175.83,IL-1.199-0.995-X,IL-1.200-0.978-X,23.01,280.05,C14H13ClO4,X-1.20-280.050,P,
Lake_Ontario,GLNS15-1290,805514,Rainbow trout,188,87,1845,72,175.83,IL-1.214-1.020-X,IL-1.217-0.995-X,9.51,280.05,C14H13ClO4,X-1.22-280.050,P,
Lake_Ontario,GLNS15-1290,805514,Rainbow trout,188,87,1845,72,175.83,IL-0.696-1.281-X,IL-0.699-1.290-X,0.35,341.7876,C7H5Br3O,X-0.70-341.788,P,
Lake_Ontario,GLNS15-2197,805594,Rainbow trout,573,340,12427,419,318.25,IL-0.635-1.429-X,IL-0.632-1.265-X,99.13,185.0367,C9H10ClO2,X-0.63-185.037,P,
Lake_Ontario,GLNS15-2197,805594,Rainbow trout,573,340,12427,419,318.25,IL-0.541-1.391-X,IL-0.543-1.239-X,64.44,186.0444,C9H11ClO2,X-0.54-186.044,P,
Lake_Ontario,GLNS15-2197,805594,Rainbow trout,573,340,12427,419,318.25,IL-0.626-1.184-X,IL-0.624-1.057-X,27.07,188.06,C9H13ClO2,X-0.62-188.060,P,
Lake_Ontario,GLNS15-2197,805594,Rainbow trout,573,340,12427,419,318.25,IL-0.707-1.235-X,IL-0.709-1.096-X,6.18,216.0914,C11H17ClO2,X-0.71-216.091,P,
Lake_Ontario,GLNS15-2197,805594,Rainbow trout,573,340,12427,419,318.25,IL-0.811-1.171-X,IL-0.809-1.041-X,2.26,235.923,C7H6BrClO2,X-0.81-235.923,P,
Lake_Ontario,GLNS15-2197,805594,Rainbow trout,573,340,12427,419,318.25,IL-0.800-1.404-X,IL-0.801-1.251-X,45.6,273.9117,C8H6Cl4O2,X-0.80-273.912,P,
Lake_Ontario,GLNS15-2197,805594,Rainbow trout,573,340,12427,419,318.25,IL-1.200-1.143-X,IL-1.200-0.978-X,40.95,280.0553,C14H13ClO4,X-1.20-280.050,P,
Lake_Ontario,GLNS15-2197,805594,Rainbow trout,573,340,12427,419,318.25,IL-0.701-1.462-X,IL-0.699-1.290-X,2.87,341.7895,C7H5Br3O,X-0.70-341.788,P,
Lake_Ontario,GLNS15-2188,805634,Walleye,192,159,23660,67,194.06,IL-0.645-1.045-X,IL-0.643-1.072-X,5.77,172.0286,C8H9ClO2,X-0.65-172.029,P,
Lake_Ontario,GLNS15-2188,805634,Walleye,192,159,23660,67,194.06,IL-0.703-0.984-X,IL-0.704-0.955-X,9.65,172.0286,C8H9ClO2,X-0.70-172.029,P,
Lake_Ontario,GLNS15-2188,805634,Walleye,192,159,23660,67,194.06,IL-0.635-1.237-X,IL-0.632-1.265-X,3.88,185.0361,C9H10ClO2,X-0.63-185.037,P,
Lake_Ontario,GLNS15-2188,805634,Walleye,192,159,23660,67,194.06,IL-0.800-1.237-X,IL-0.801-1.251-X,2.49,273.9116,C8H6Cl4O2,X-0.80-273.912,P,
Lake_Ontario,GLNS15-2188,805634,Walleye,192,159,23660,67,194.06,IL-0.701-1.255-X,IL-0.699-1.290-X,2.95,341.788,C7H5Br3O,X-0.70-341.788,P,
Lake_Ontario,GLNS15-1297,805674,Channel catfish,481,147,5633,97,322.83,IL-0.631-1.265-X,IL-0.632-1.265-X,13.27,185.0364,C9H10ClO2,X-0.63-185.037,BD,
Lake_Ontario,GLNS15-1297,805674,Channel catfish,481,147,5633,97,322.83,IL-0.542-1.226-X,IL-0.543-1.239-X,1.68,186.0444,C9H11ClO2,X-0.54-186.044,BD,
Lake_Ontario,GLNS15-1297,805674,Channel catfish,481,147,5633,97,322.83,IL-0.623-1.046-X,IL-0.624-1.057-X,2.35,188.0598,C9H13ClO2,X-0.62-188.060,BD,
Lake_Ontario,GLNS15-1297,805674,Channel catfish,481,147,5633,97,322.83,IL-0.860-1.026-X,IL-0.862-1.026-X,2.55,190.0296,C10H7ClN2,X-0.86-190.030,BD,
Lake_Ontario,GLNS15-1297,805674,Channel catfish,481,147,5633,97,322.83,IL-0.705-1.085-X,IL-0.709-1.096-X,6.75,216.0912,C11H17ClO2,X-0.71-216.091,BD,
Lake_Ontario,GLNS15-1297,805674,Channel catfish,481,147,5633,97,322.83,IL-0.809-1.053-X,IL-0.809-1.041-X,0.16,235.9232,C7H6BrClO2,X-0.81-235.923,BD,
Lake_Ontario,GLNS15-1297,805674,Channel catfish,481,147,5633,97,322.83,IL-0.799-1.248-X,IL-0.801-1.251-X,3.08,273.9107,C8H6Cl4O2,X-0.80-273.912,BD,
Lake_Ontario,GLNS15-1297,805674,Channel catfish,481,147,5633,97,322.83,IL-1.197-0.995-X,IL-1.200-0.978-X,21.16,280.0504,C14H13ClO4,X-1.20-280.050,BD,
Lake_Ontario,GLNS15-1297,805674,Channel catfish,481,147,5633,97,322.83,IL-1.028-1.145-X,IL-1.028-1.146-X,0.23,301.9668,C13H9Cl3O2,X-1.03-301.967,BD,
Lake_Ontario,GLNS15-1297,805674,Channel catfish,481,147,5633,97,322.83,IL-0.697-1.301-X,IL-0.699-1.290-X,3.07,341.789,C7H5Br3O,X-0.70-341.788,BD,
Lake_Erie,GLNS15-1166,806054,Freshwater drum,582,63,14044,27,520.89,IL-0.637-1.106-X,IL-0.643-1.072-X,3.56,172.0291,C8H9ClO2,X-0.65-172.029,P,
Lake_Erie,GLNS15-1166,806054,Freshwater drum,582,63,14044,27,520.89,IL-1.218-0.858-X,IL-1.217-0.995-X,7.27,280.0506,C14H13ClO4,X-1.22-280.050,P,
Lake_Erie,GLNS15-1166,806054,Freshwater drum,582,63,14044,27,520.89,IL-1.203-0.841-X,IL-1.200-0.978-X,11.16,280.0509,C14H13ClO4,X-1.20-280.050,P,
Lake_Erie,GLNS15-2141,806592,White bass,121,54,15246,29,98.37,IL-0.633-1.083-X,IL-0.643-1.072-X,29.9,172.0298,C8H9ClO2,X-0.65-172.029,P,
Lake_Erie,GLNS15-2139,806614,Smallmouth bass,64,28,17075,2,82.41,IL-0.706-0.840-X,IL-0.704-0.955-X,3.6,172.0285,C8H9ClO2,X-0.70-172.029,P,
Lake_Superior,GLNS15-1341,806774,Lake whitefish,7,7,5193,10,10.58,IL-0.704-0.970-X,IL-0.704-0.955-X,4.39,172.0285,C8H9ClO2,X-0.70-172.029,BD,
Lake_Superior,GLNS15-1341,806774,Lake whitefish,7,7,5193,10,10.58,IL-0.646-1.037-X,IL-0.643-1.072-X,1.35,172.029,C8H9ClO2,X-0.65-172.029,BD,
Lake_Superior,GLNS15-1341,806774,Lake whitefish,7,7,5193,10,10.58,IL-1.198-0.995-X,IL-1.200-0.978-X,1.53,280.0499,C14H13ClO4,X-1.20-280.050,BD,
Lake_Superior,GLNS15-1341,806774,Lake whitefish,7,7,5193,10,10.58,IL-0.699-1.286-X,IL-0.699-1.290-X,0.15,341.7876,C7H5Br3O,X-0.70-341.788,BD,
Lake_Superior,GLNS15-2013,806794,Longnose sucker,4,11,5301,7.06,11.99,IL-0.704-0.973-X,IL-0.704-0.955-X,4.2,172.0288,C8H9ClO2,X-0.70-172.029,BD,
Lake_Huron,GLNS15-1208,806814,Walleye,296,56,1522,8,214.81,IL-1.218-1.018-X,IL-1.217-0.995-X,4.53,280.0502,C14H13ClO4,X-1.22-280.050,P,
Lake_Huron,GLNS15-1208,806814,Walleye,296,56,1522,8,214.81,IL-1.196-1.000-X,IL-1.200-0.978-X,1.33,280.0505,C14H13ClO4,X-1.20-280.050,P,
Lake_Superior,GLNS15-1346,806934,Lake whitefish,4,6,5871,12,8.28,IL-0.704-0.971-X,IL-0.704-0.955-X,6.52,172.0284,C8H9ClO2,X-0.70-172.029,BD,
Lake_Superior,GLNS15-1346,806934,Lake whitefish,4,6,5871,12,8.28,IL-0.802-1.260-X,IL-0.801-1.251-X,0.24,273.912,C8H6Cl4O2,X-0.80-273.912,BD,
Lake_Superior,GLNS15-1346,806934,Lake whitefish,4,6,5871,12,8.28,IL-1.198-0.997-X,IL-1.200-0.978-X,3.97,280.0497,C14H13ClO4,X-1.20-280.050,BD,
Lake_Superior,GLNS15-2009,806994,Lake whitefish,23,16,5980,31.36,19.12,IL-0.704-0.969-X,IL-0.704-0.955-X,3.03,172.0288,C8H9ClO2,X-0.70-172.029,BD,
Lake_Superior,GLNS15-2009,806994,Lake whitefish,23,16,5980,31.36,19.12,IL-0.638-1.270-X,IL-0.632-1.265-X,1.89,185.0365,C9H10ClO2,X-0.63-185.037,BD,
Lake_Superior,GLNS15-2009,806994,Lake whitefish,23,16,5980,31.36,19.12,IL-0.625-1.056-X,IL-0.624-1.057-X,1.41,188.0594,C9H13ClO2,X-0.62-188.060,BD,
Lake_Superior,GLNS15-2009,806994,Lake whitefish,23,16,5980,31.36,19.12,IL-1.201-0.990-X,IL-1.200-0.978-X,18.47,280.0495,C14H13ClO4,X-1.20-280.050,BD,
Lake_Superior,GLNS15-2009,806994,Lake whitefish,23,16,5980,31.36,19.12,IL-1.210-0.988-X,IL-1.217-0.995-X,2.18,280.0508,C14H13ClO4,X-1.22-280.050,BD,
Lake_Superior,GLNS15-2009,806994,Lake whitefish,23,16,5980,31.36,19.12,IL-1.184-1.068-X,IL-1.195-1.066-X,0.18,336.0588,C17H17ClO3S,X-1.20-336.059,BD,
Lake_Superior,GLNS15-2009,806994,Lake whitefish,23,16,5980,31.36,19.12,IL-0.700-1.293-X,IL-0.699-1.290-X,0.19,341.7881,C7H5Br3O,X-0.70-341.788,BD,
Lake_Superior,GLNS15-2003,807174,Lake whitefish,3,6,2805,17,6.49,IL-0.704-0.973-X,IL-0.704-0.955-X,2.78,172.0285,C8H9ClO2,X-0.70-172.029,BD,
Lake_Superior,GLNS15-2003,807174,Lake whitefish,3,6,2805,17,6.49,IL-0.637-1.265-X,IL-0.632-1.265-X,1.2,185.0365,C9H10ClO2,X-0.63-185.037,BD,
Lake_Superior,GLNS15-2003,807174,Lake whitefish,3,6,2805,17,6.49,IL-0.544-1.229-X,IL-0.543-1.239-X,1.84,186.0444,C9H11ClO2,X-0.54-186.044,BD,
Lake_Superior,GLNS15-2003,807174,Lake whitefish,3,6,2805,17,6.49,IL-0.625-1.056-X,IL-0.624-1.057-X,0.93,188.0597,C9H13ClO2,X-0.62-188.060,BD,
Lake_Superior,GLNS15-2003,807174,Lake whitefish,3,6,2805,17,6.49,IL-0.712-1.071-X,IL-0.709-1.096-X,1.38,216.0913,C11H17ClO2,X-0.71-216.091,BD,
Lake_Superior,GLNS15-2003,807174,Lake whitefish,3,6,2805,17,6.49,IL-0.802-1.250-X,IL-0.801-1.251-X,0.15,273.912,C8H6Cl4O2,X-0.80-273.912,BD,
Lake_Superior,GLNS15-2003,807174,Lake whitefish,3,6,2805,17,6.49,IL-1.198-0.994-X,IL-1.200-0.978-X,7.94,280.0489,C14H13ClO4,X-1.20-280.050,BD,
Lake_Superior,GLNS15-2003,807174,Lake whitefish,3,6,2805,17,6.49,IL-0.701-1.262-X,IL-0.699-1.290-X,0.39,341.7876,C7H5Br3O,X-0.70-341.788,BD,
Lake_Huron,GLNS15-1200,807234,Lake trout,484,292,5492,116,449.04,IL-1.083-1.129-X,IL-1.083-1.129-X,1.49,235.0075,C13H9Cl2,X-1.14-235.008,P,
Lake_Huron,GLNS15-1200,807234,Lake trout,484,292,5492,116,449.04,IL-1.215-1.018-X,IL-1.217-0.995-X,24.81,280.0493,C14H13ClO4,X-1.22-280.050,P,
Lake_Huron,GLNS15-1200,807234,Lake trout,484,292,5492,116,449.04,IL-1.198-1.000-X,IL-1.200-0.978-X,78.41,280.0495,C14H13ClO4,X-1.20-280.050,P,
Lake_Huron,GLNS15-1199,807254,Lake trout,131,399,7029,354,153.02,IL-0.640-1.286-X,IL-0.643-1.072-X,31.54,172.0288,C8H9ClO2,X-0.65-172.029,P,
Lake_Huron,GLNS15-1199,807254,Lake trout,131,399,7029,354,153.02,IL-0.806-1.266-X,IL-0.801-1.251-X,25.36,273.9001,C8H6Cl4O2,X-0.80-273.912,P,
Lake_Huron,GLNS15-1199,807254,Lake trout,131,399,7029,354,153.02,IL-1.200-1.038-X,IL-1.200-0.978-X,224.45,280.0495,C14H13ClO4,X-1.20-280.050,P,
Lake_Huron,GLNS15-1199,807254,Lake trout,131,399,7029,354,153.02,IL-1.220-1.057-X,IL-1.217-0.995-X,62.84,280.0498,C14H13ClO4,X-1.22-280.050,P,
Lake_Huron,GLNS15-2095,807314,Walleye,470,76,1054,11,66.4,IL-1.203-0.967-X,IL-1.200-0.978-X,4.74,280.0499,C14H13ClO4,X-1.20-280.050,P,
Lake_Huron,GLNS15-2095,807314,Walleye,470,76,1054,11,66.4,IL-1.220-0.973-X,IL-1.217-0.995-X,2.39,280.0499,C14H13ClO4,X-1.22-280.050,P,
Lake_Huron,GLNS15-2097,807334,White sucker,2,8,2076,2,6.23,IL-0.708-0.977-X,IL-0.704-0.955-X,1.46,172.0286,C8H9ClO2,X-0.70-172.029,BD,
Lake_Huron,GLNS15-2097,807334,White sucker,2,8,2076,2,6.23,IL-0.546-1.230-X,IL-0.543-1.239-X,0.18,186.0443,C9H11ClO2,X-0.54-186.044,BD,
Lake_Huron,GLNS15-2097,807334,White sucker,2,8,2076,2,6.23,IL-1.203-1.000-X,IL-1.200-0.978-X,0.46,280.05,C14H13ClO4,X-1.20-280.050,BD,
Lake_Huron,GLNS15-2093,807354,Longnose sucker,176,107,2473,20,50.86,IL-0.706-0.964-X,IL-0.704-0.955-X,7.01,172.0286,C8H9ClO2,X-0.70-172.029,BD,
Lake_Huron,GLNS15-2093,807354,Longnose sucker,176,107,2473,20,50.86,IL-0.650-1.045-X,IL-0.643-1.072-X,4.06,172.0288,C8H9ClO2,X-0.65-172.029,BD,
Lake_Huron,GLNS15-2093,807354,Longnose sucker,176,107,2473,20,50.86,IL-0.665-1.066-X,IL-0.651-1.086-X,0.4,186.0445,C9H11ClO2,X-0.66-186.044,BD,
Lake_Huron,GLNS15-2093,807354,Longnose sucker,176,107,2473,20,50.86,IL-0.808-1.217-X,IL-0.801-1.251-X,0.87,273.9116,C8H6Cl4O2,X-0.80-273.912,BD,
Lake_Huron,GLNS15-2093,807354,Longnose sucker,176,107,2473,20,50.86,IL-1.200-0.977-X,IL-1.200-0.978-X,1.68,280.0499,C14H13ClO4,X-1.20-280.050,BD,
Lake_Huron,GLNS15-2093,807354,Longnose sucker,176,107,2473,20,50.86,IL-1.220-0.998-X,IL-1.217-0.995-X,0.62,280.0499,C14H13ClO4,X-1.22-280.050,BD,
Lake_Huron,GLNS15-2093,807354,Longnose sucker,176,107,2473,20,50.86,IL-0.708-1.260-X,IL-0.699-1.290-X,0.16,341.7876,C7H5Br3O,X-0.70-341.788,BD,
Lake_Superior,GLNS15-1336,807434,Lake whitefish,8,13,5866,29,10.8,IL-0.704-0.972-X,IL-0.704-0.955-X,3.15,172.0288,C8H9ClO2,X-0.70-172.029,BD,
Lake_Superior,GLNS15-1336,807434,Lake whitefish,8,13,5866,29,10.8,IL-0.635-1.268-X,IL-0.632-1.265-X,0.7,185.0365,C9H10ClO2,X-0.63-185.037,BD,
Lake_Superior,GLNS15-1336,807434,Lake whitefish,8,13,5866,29,10.8,IL-0.544-1.240-X,IL-0.543-1.239-X,0.5,186.0443,C9H11ClO2,X-0.54-186.044,BD,
Lake_Superior,GLNS15-1336,807434,Lake whitefish,8,13,5866,29,10.8,IL-1.200-0.997-X,IL-1.200-0.978-X,18.8,280.0496,C14H13ClO4,X-1.20-280.050,BD,
Lake_Superior,GLNS15-1336,807434,Lake whitefish,8,13,5866,29,10.8,IL-1.218-0.993-X,IL-1.217-0.995-X,7.75,280.0496,C14H13ClO4,X-1.22-280.050,BD,
Lake_Superior,GLNS15-1336,807434,Lake whitefish,8,13,5866,29,10.8,IL-0.699-1.297-X,IL-0.699-1.290-X,0.18,341.7866,C7H5Br3O,X-0.70-341.788,BD,
Lake_Huron,GLNS15-2104,807594,Lake trout,653,653,3610,72,602.28,IL-0.635-1.276-X,IL-0.632-1.265-X,14.95,185.0364,C9H10ClO2,X-0.63-185.037,P,
Lake_Huron,GLNS15-2104,807594,Lake trout,653,653,3610,72,602.28,IL-1.194-0.990-X,IL-1.194-0.991-X,21.27,280.0519,C14H13ClO4,X-1.20-280.050,P,
Lake_Huron,GLNS15-2108,807694,Rainbow trout,56,48,2791,22,36,IL-1.200-0.992-X,IL-1.200-0.978-X,9.89,280.0449,C14H13ClO4,X-1.20-280.050,P,
Lake_Huron,GLNS15-2108,807694,Rainbow trout,56,48,2791,22,36,IL-1.218-1.013-X,IL-1.217-0.995-X,8.59,280.0492,C14H13ClO4,X-1.22-280.050,P,
Lake_Huron,GLNS15-1209,807774,Lake trout,782,537,10988,447,64.56,IL-0.637-1.278-X,IL-0.643-1.072-X,19.88,172.0292,C8H9ClO2,X-0.65-172.029,P,
Lake_Huron,GLNS15-1209,807774,Lake trout,782,537,10988,447,64.56,IL-0.704-0.980-X,IL-0.704-0.955-X,51.95,172.0308,C8H9ClO2,X-0.70-172.029,P,
Lake_Huron,GLNS15-1209,807774,Lake trout,782,537,10988,447,64.56,IL-0.542-1.240-X,IL-0.543-1.239-X,5.46,186.0465,C9H11ClO2,X-0.54-186.044,P,
Lake_Huron,GLNS15-1209,807774,Lake trout,782,537,10988,447,64.56,IL-1.222-1.015-X,IL-1.217-0.995-X,61.16,280.0509,C14H13ClO4,X-1.22-280.050,P,
Lake_Huron,GLNS15-1209,807774,Lake trout,782,537,10988,447,64.56,IL-1.205-0.995-X,IL-1.200-0.978-X,219.33,280.0534,C14H13ClO4,X-1.20-280.050,P,
Lake_Huron,GLNS15-1209,807774,Lake trout,782,537,10988,447,64.56,IL-0.699-1.315-X,IL-0.699-1.290-X,1.09,341.7882,C7H5Br3O,X-0.70-341.788,P,
Lake_Michigan,GLNS15-2055,807874,White sucker,17,3,526,20,11.25,IL-0.646-1.045-X,IL-0.643-1.072-X,1.21,172.0283,C8H9ClO2,X-0.65-172.029,BD,
Lake_Michigan,GLNS15-2055,807874,White sucker,17,3,526,20,11.25,IL-0.702-0.977-X,IL-0.704-0.955-X,1.04,172.0285,C8H9ClO2,X-0.70-172.029,BD,
Lake_Michigan,GLNS15-2055,807874,White sucker,17,3,526,20,11.25,IL-0.540-1.246-X,IL-0.543-1.239-X,0.17,186.0443,C9H11ClO2,X-0.54-186.044,BD,
Lake_Michigan,GLNS15-2055,807874,White sucker,17,3,526,20,11.25,IL-0.662-1.070-X,IL-0.651-1.086-X,0.11,186.0445,C9H11ClO2,X-0.66-186.044,BD,
Lake_Michigan,GLNS15-2055,807874,White sucker,17,3,526,20,11.25,IL-0.800-1.253-X,IL-0.801-1.251-X,0.08,273.9106,C8H6Cl4O2,X-0.80-273.912,BD,
Lake_Michigan,GLNS15-2055,807874,White sucker,17,3,526,20,11.25,IL-1.213-1.020-X,IL-1.217-0.995-X,5.37,280.0499,C14H13ClO4,X-1.22-280.050,BD,
Lake_Michigan,GLNS15-2055,807874,White sucker,17,3,526,20,11.25,IL-1.196-1.000-X,IL-1.200-0.978-X,9.49,280.05,C14H13ClO4,X-1.20-280.050,BD,
Lake_Michigan,GLNS15-2055,807874,White sucker,17,3,526,20,11.25,IL-0.983-1.321-X,IL-0.985-1.321-X,0.23,301.9623,Unknown D,X-0.98-301.962,BD,
Lake_Michigan,GLNS15-2055,807874,White sucker,17,3,526,20,11.25,IL-0.694-1.305-X,IL-0.699-1.290-X,1.85,341.788,C7H5Br3O,X-0.70-341.788,BD,
Lake_Michigan,GLNS15-1254,807914,Longnose sucker,,0.043,399,2.56,4.07,IL-0.704-0.971-X,IL-0.704-0.955-X,0.33,172.0282,C8H9ClO2,X-0.70-172.029,BD,
Lake_Michigan,GLNS15-1254,807914,Longnose sucker,,0.043,399,2.56,4.07,IL-0.645-1.032-X,IL-0.643-1.072-X,1.26,172.0288,C8H9ClO2,X-0.65-172.029,BD,
Lake_Michigan,GLNS15-1254,807914,Longnose sucker,,0.043,399,2.56,4.07,IL-1.201-0.989-X,IL-1.200-0.978-X,0.97,280.05,C14H13ClO4,X-1.20-280.050,BD,
Lake_Huron,GLNS15-1202,807954,Lake trout,222,288,2883,77,215.25,IL-0.528-1.292-X,IL-0.643-1.072-X,4.24,172.0288,C8H9ClO2,X-0.65-172.029,P,
Lake_Huron,GLNS15-1202,807954,Lake trout,222,288,2883,77,215.25,IL-0.660-1.068-X,IL-0.651-1.086-X,0.53,186.0442,C9H11ClO2,X-0.66-186.044,P,
Lake_Huron,GLNS15-1202,807954,Lake trout,222,288,2883,77,215.25,IL-1.197-0.987-X,IL-1.200-0.978-X,56.2,280.0499,C14H13ClO4,X-1.20-280.050,P,
Lake_Huron,GLNS15-1202,807954,Lake trout,222,288,2883,77,215.25,IL-1.219-1.003-X,IL-1.217-0.995-X,5.23,280.0506,C14H13ClO4,X-1.22-280.050,P,
Lake_Huron,GLNS15-2099,814034,White sucker,129,42,853,19,112.21,IL-0.699-0.978-X,IL-0.704-0.955-X,0.42,172.0293,C8H9ClO2,X-0.70-172.029,BD,
Lake_Huron,GLNS15-2099,814034,White sucker,129,42,853,19,112.21,IL-1.200-0.988-X,IL-1.200-0.978-X,12.38,280.0504,C14H13ClO4,X-1.20-280.050,BD,
Lake_Huron,GLNS15-2099,814034,White sucker,129,42,853,19,112.21,IL-1.232-0.951-X,IL-1.229-0.955-X,0.16,280.0504,C14H13ClO4,X-1.22-280.050,BD,
Lake_Huron,GLNS15-2096,814054,Rainbow trout,319,253,8283,77,172.4,IL-0.637-1.256-X,IL-0.637-1.256-X,0.92,188.0598,C9H13ClO2,X-0.62-188.060,P,
Lake_Huron,GLNS15-2096,814054,Rainbow trout,319,253,8283,77,172.4,IL-0.808-1.238-X,IL-0.801-1.251-X,0.11,273.9116,C8H6Cl4O2,X-0.80-273.912,P,
Lake_Huron,GLNS15-2096,814054,Rainbow trout,319,253,8283,77,172.4,IL-1.203-0.987-X,IL-1.200-0.978-X,74.55,280.0499,C14H13ClO4,X-1.20-280.050,P,
Lake_Huron,GLNS15-2102,814254,Yellow perch,ND,7,2041,1,3.72,IL-0.701-0.973-X,IL-0.704-0.955-X,1.32,172.0285,C8H9ClO2,X-0.70-172.029,P,
Lake_Huron,GLNS15-2117,814274,Longnose sucker,4,12,1888,1,4.35,IL-0.710-0.969-X,IL-0.704-0.955-X,1.2,172.0284,C8H9ClO2,X-0.70-172.029,BD,
Lake_Huron,GLNS15-1210,814314,Lake whitefish,11,24,87879,430,15.17,IL-0.646-1.049-X,IL-0.643-1.072-X,58.62,172.0253,C8H9ClO2,X-0.65-172.029,BD,
Lake_Huron,GLNS15-1210,814314,Lake whitefish,11,24,87879,430,15.17,IL-0.701-0.984-X,IL-0.704-0.955-X,180.11,172.029,C8H9ClO2,X-0.70-172.029,BD,
Lake_Huron,GLNS15-1210,814314,Lake whitefish,11,24,87879,430,15.17,IL-1.200-0.998-X,IL-1.200-0.978-X,173.7,280.0565,C14H13ClO4,X-1.20-280.050,BD,
Lake_Huron,GLNS15-1210,814314,Lake whitefish,11,24,87879,430,15.17,IL-1.220-0.976-X,IL-1.217-0.995-X,2.94,280.0635,C14H13ClO4,X-1.22-280.050,BD,
Lake_Huron,GLNS15-1206,814374,Rainbow trout,3,33,32895,299,30.34,IL-0.633-1.286-X,IL-0.643-1.072-X,58.01,172.029,C8H9ClO2,X-0.65-172.029,P,
Lake_Huron,GLNS15-1206,814374,Rainbow trout,3,33,32895,299,30.34,IL-1.200-0.995-X,IL-1.200-0.978-X,234.25,280.0976,C14H13ClO4,X-1.20-280.050,P,
Lake_Michigan,GLNS15-2057,814554,Lake trout,544,161,2674,135,166.9,IL-0.631-1.277-X,IL-0.632-1.265-X,34.39,185.0367,C9H10ClO2,X-0.63-185.037,P,
Lake_Michigan,GLNS15-2057,814554,Lake trout,544,161,2674,135,166.9,IL-0.540-1.244-X,IL-0.543-1.239-X,19.36,186.0441,C9H11ClO2,X-0.54-186.044,P,
Lake_Michigan,GLNS15-2057,814554,Lake trout,544,161,2674,135,166.9,IL-0.662-1.085-X,IL-0.651-1.086-X,4.58,186.0445,C9H11ClO2,X-0.66-186.044,P,
Lake_Michigan,GLNS15-2057,814554,Lake trout,544,161,2674,135,166.9,IL-0.622-1.060-X,IL-0.624-1.057-X,10.2,188.0604,C9H13ClO2,X-0.62-188.060,P,
Lake_Michigan,GLNS15-2057,814554,Lake trout,544,161,2674,135,166.9,IL-0.508-1.374-X,IL-0.509-1.355-X,1.57,209.9406,C7H5Cl3O,X-0.51-209.941,P,
Lake_Michigan,GLNS15-2057,814554,Lake trout,544,161,2674,135,166.9,IL-0.458-1.536-X,IL-0.460-1.525-X,1.7,214.1122,C12H19ClO,X-0.46-214.112,P,
Lake_Michigan,GLNS15-2057,814554,Lake trout,544,161,2674,135,166.9,IL-0.707-1.095-X,IL-0.709-1.096-X,15.78,216.0911,C11H17ClO2,X-0.71-216.091,P,
Lake_Michigan,GLNS15-2057,814554,Lake trout,544,161,2674,135,166.9,IL-0.808-1.036-X,IL-0.809-1.041-X,1.64,235.9238,C7H6BrClO2,X-0.81-235.923,P,
Lake_Michigan,GLNS15-2057,814554,Lake trout,544,161,2674,135,166.9,IL-1.105-1.064-X,IL-1.106-1.063-X,0.75,248.0154,C14H10Cl2,X-1.11-248.015,P,
Lake_Michigan,GLNS15-2057,814554,Lake trout,544,161,2674,135,166.9,IL-0.800-1.250-X,IL-0.801-1.251-X,1.63,273.912,C8H6Cl4O2,X-0.80-273.912,P,
Lake_Michigan,GLNS15-2057,814554,Lake trout,544,161,2674,135,166.9,IL-1.198-0.984-X,IL-1.200-0.978-X,7.3,280.0497,C14H13ClO4,X-1.20-280.050,P,
Lake_Michigan,GLNS15-2057,814554,Lake trout,544,161,2674,135,166.9,IL-0.983-1.321-X,IL-0.985-1.321-X,0.4,301.9619,Unknown D,X-0.98-301.962,P,
Lake_Michigan,GLNS15-2057,814554,Lake trout,544,161,2674,135,166.9,IL-1.057-1.157-X,IL-1.057-1.159-X,8.11,336.867,C10H7Cl6,X-1.06-336.867,P,
Lake_Michigan,GLNS15-2057,814554,Lake trout,544,161,2674,135,166.9,IL-0.694-1.300-X,IL-0.699-1.290-X,0.17,341.7867,C7H5Br3O,X-0.70-341.788,P,
Lake_Michigan,GLNS15-2057,814554,Lake trout,544,161,2674,135,166.9,IL-0.897-1.456-X,IL-0.899-1.450-X,0.84,384.8068,C10H4Cl7O,X-0.90-384.806,P,
Lake_Ontario,GLNS15-2193,775454,Brown trout,1739,802,4511,262,870.59,IL-0.911-1.398-X,,1.07,370.826,C10H6Cl7,X-0.95-370.828,P,
Lake_Ontario,GLNS15-2193,775454,Brown trout,1739,802,4511,262,870.59,IL-0.934-1.399-X,,0.77,370.8285,C10H6Cl7,X-0.95-370.828,P,
Lake_Ontario,GLNS15-2187,775574,Lake trout,2651,830,4217,421,1113.46,IL-1.023-1.302-X,,0.5,370.8287,C10H6Cl7,X-0.95-370.828,P,
Lake_Michigan,GLNS15-2054,776874,Lake trout,528,461,2385,60,341.36,IL-0.949-1.339-X,,2.44,370.829,C10H6Cl7,X-0.95-370.828,P,
Lake_Ontario,GLNS15-1298,793014,Rainbow trout,813,379,2386,92,334.99,IL-0.949-1.309-X,,3,370.8311,C10H6Cl7,X-0.95-370.828,P,
Lake_Erie,GLNS15-1158,793314,Walleye,89,33,3512,38,45.09,IL-1.002-1.062-X,,0.16,370.829,C10H6Cl7,X-0.95-370.828,P,
Lake_Superior,GLNS15-2011,794934,Longnose sucker,73,112,2222,18,32.57,IL-0.949-1.127-X,,1.04,370.8281,C10H6Cl7,X-0.95-370.828,BD,
Lake_Michigan,GLNS15-2050,795234,Lake trout,2335,1570,10261,109,369.42,IL-0.951-1.339-X,,19.88,370.8287,C10H6Cl7,X-0.95-370.828,P,
Lake_Michigan,GLNS15-2057,814554,Lake trout,544,161,2674,135,166.9,IL-0.939-1.364-X,,0.51,370.8286,C10H6Cl7,X-0.95-370.828,P,
